COUNTSTATIONID,COUNTDIR,COUNTDATE,HOUR0,HOUR1,HOUR2,HOUR3,HOUR4,HOUR5,HOUR6,HOUR7,HOUR8,HOUR9,HOUR10,HOUR11,HOUR12,HOUR13,HOUR14,HOUR15,HOUR16,HOUR17,HOUR18,HOUR19,HOUR20,HOUR21,HOUR22,HOUR23,FormattedDate
000240,P,20150101,187,129,85,45,47,60,134,284,529,617,742,749,761,822,816,986,990,892,581,377,278,216,148,117,01/01/2015
000240,S,20150101,126,80,66,43,31,38,145,447,783,864,821,790,774,736,790,903,880,792,544,442,305,219,156,97,01/01/2015
000240,P,20150102,50,23,24,24,61,115,250,576,855,967,1034,921,969,880,1069,1202,1337,1238,604,423,358,271,222,139,01/02/2015
000240,S,20150102,54,21,22,19,18,70,224,672,1157,1179,1047,1059,993,916,934,1127,1204,1149,819,660,475,354,243,166,01/02/2015
000240,P,20150103,65,44,33,42,64,135,256,480,775,868,992,852,796,851,817,903,1006,719,488,373,305,223,187,94,01/03/2015
000240,S,20150103,91,43,33,22,20,62,197,629,1069,1027,797,851,712,774,847,882,902,776,646,417,321,221,178,102,01/03/2015
000240,P,20150104,55,45,39,36,43,94,211,418,723,873,896,775,687,711,680,768,688,541,556,324,288,204,133,82,01/04/2015
000240,S,20150104,50,26,27,18,26,64,140,519,869,788,586,678,626,642,770,883,857,650,524,387,281,206,142,80,01/04/2015
000240,P,20150105,54,27,21,25,31,100,235,603,627,672,654,626,703,732,769,913,1080,914,567,329,337,184,161,78,01/05/2015
000240,S,20150105,61,28,25,19,33,77,233,667,865,834,793,680,667,655,730,819,891,876,642,419,296,224,132,86,01/05/2015
000240,P,20150106,56,21,26,16,28,82,203,595,670,672,622,622,607,717,773,853,1115,959,536,350,271,194,117,86,01/06/2015
000240,S,20150106,60,39,25,25,18,81,260,708,1001,876,751,695,663,653,719,867,942,930,591,433,323,255,143,85,01/06/2015
000240,P,20150107,50,31,21,29,27,85,200,598,732,667,630,563,605,659,767,902,1085,968,580,379,264,242,132,90,01/07/2015
000240,S,20150107,56,26,28,23,14,74,230,674,906,825,802,707,694,629,728,910,1068,986,651,542,366,295,199,151,01/07/2015
000240,P,20150108,45,28,33,17,29,77,203,608,739,744,690,629,628,702,789,1006,1182,998,600,341,280,227,155,110,01/08/2015
000240,S,20150108,68,43,35,12,16,79,246,720,982,858,803,765,708,698,744,946,1032,990,689,519,385,364,174,129,01/08/2015
000240,P,20150109,55,35,30,22,47,97,237,634,784,747,879,715,701,715,848,1067,1165,921,594,408,338,264,170,134,01/09/2015
000240,S,20150109,72,37,41,21,22,82,261,695,1024,947,958,749,741,680,817,964,1122,1082,901,700,694,401,255,159,01/09/2015
000240,P,20150110,51,34,35,23,43,71,204,382,667,771,856,737,762,799,861,1018,1244,816,683,460,289,265,190,95,01/10/2015
000240,S,20150110,74,48,42,24,16,54,232,730,1094,978,885,853,831,771,890,883,989,901,622,302,439,298,174,98,01/10/2015
000240,P,20150111,68,52,43,29,29,50,180,320,726,976,938,708,617,624,734,785,756,565,525,327,227,184,121,83,01/11/2015
000240,S,20150111,56,41,27,18,13,50,130,532,794,792,631,550,527,564,605,606,598,442,400,316,233,162,108,72,01/11/2015
000240,P,20150112,38,17,18,15,31,105,245,648,678,594,581,533,594,598,752,924,923,876,480,262,235,150,132,79,01/12/2015
000240,S,20150112,47,24,24,14,17,98,224,639,849,910,766,603,546,575,697,713,800,864,556,365,277,193,115,68,01/12/2015
000240,P,20150113,31,21,18,11,21,85,206,602,622,540,608,555,611,690,713,884,997,816,520,334,214,194,118,95,01/13/2015
000240,S,20150113,39,26,20,13,18,60,247,667,1049,912,690,627,645,655,570,802,863,730,505,374,288,186,162,77,01/13/2015
000240,P,20150114,46,20,15,17,34,68,208,595,691,634,633,606,599,702,764,919,1057,926,497,345,278,225,137,102,01/14/2015
000240,S,20150114,50,22,18,12,16,66,246,698,1010,887,742,679,654,661,671,887,968,959,614,504,360,274,167,109,01/14/2015
000240,P,20150115,46,28,20,15,25,96,190,627,673,584,583,563,605,630,802,948,936,1007,672,430,443,283,162,128,01/15/2015
000240,S,20150115,68,44,24,13,20,82,251,699,1086,919,825,706,728,720,790,1148,1126,925,709,539,371,335,233,150,01/15/2015
000240,P,20150116,65,40,33,23,37,90,246,614,679,681,699,696,674,715,859,989,1295,956,642,427,327,330,253,151,01/16/2015
000240,S,20150116,103,51,38,29,16,84,260,738,1087,998,881,751,781,767,847,1093,1146,1110,917,842,708,596,357,220,01/16/2015
000240,P,20150117,69,53,32,21,29,61,173,291,690,780,874,855,773,598,536,562,730,1235,675,410,298,363,233,168,01/17/2015
000240,S,20150117,132,76,72,33,17,46,163,445,975,1248,1106,885,905,936,917,1025,1170,1073,723,559,457,353,226,127,01/17/2015
000240,P,20150118,90,61,32,24,30,62,155,422,724,951,959,884,727,797,880,966,1010,760,532,465,396,215,165,91,01/18/2015
000240,S,20150118,80,39,35,19,16,51,160,591,923,935,828,763,677,665,691,789,993,837,502,356,314,212,135,68,01/18/2015
000240,P,20150119,43,29,29,19,66,148,343,774,916,968,1046,849,867,532,532,877,1002,579,519,331,236,186,112,94,01/19/2015
000240,S,20150119,44,23,28,15,23,91,257,772,1038,942,843,696,712,645,817,877,854,799,549,380,186,170,110,66,01/19/2015
000240,P,20150120,26,28,16,8,45,71,241,591,538,485,487,493,583,646,677,838,939,814,497,274,232,200,129,72,01/20/2015
000240,S,20150120,31,16,17,13,15,88,208,532,987,716,569,546,555,502,539,750,785,753,565,337,224,200,127,74,01/20/2015
000240,P,20150121,43,21,16,11,34,85,215,657,625,538,548,581,573,592,639,777,886,775,453,261,248,205,107,76,01/21/2015
000240,S,20150121,31,26,20,12,13,63,255,673,882,787,655,569,619,597,595,776,816,694,486,366,298,254,150,88,01/21/2015
000240,P,20150122,38,25,12,10,23,79,180,549,610,518,518,571,634,649,837,969,1073,810,543,297,285,242,143,88,01/22/2015
000240,S,20150122,87,34,24,21,19,59,250,627,1089,926,815,686,599,658,681,831,926,875,682,458,386,310,210,161,01/22/2015
000240,P,20150123,39,31,24,16,38,66,169,627,650,624,646,649,654,719,912,1086,1141,992,569,379,315,290,202,134,01/23/2015
000240,S,20150123,70,50,34,11,19,81,257,761,1151,1004,924,755,746,745,765,998,1107,1106,841,754,657,582,318,190,01/23/2015
000240,P,20150124,87,37,37,21,39,71,148,464,747,846,784,749,786,848,1000,1260,1309,995,731,448,333,241,206,149,01/24/2015
000240,S,20150124,101,55,41,21,13,56,219,820,1204,1095,953,829,804,852,839,1014,1122,855,625,537,378,306,225,112,01/24/2015
000240,P,20150125,69,56,38,25,36,69,174,397,686,911,989,897,836,826,864,803,926,628,548,445,318,242,136,85,01/25/2015
000240,S,20150125,81,37,27,16,16,40,155,673,922,891,749,708,630,686,756,834,988,724,541,393,266,203,129,62,01/25/2015
000240,P,20150126,40,26,29,14,43,128,272,709,784,705,642,611,654,674,707,842,1034,904,537,345,227,178,136,61,01/26/2015
000240,S,20150126,50,30,19,15,14,86,269,628,907,849,739,640,663,585,723,770,851,872,594,403,252,201,119,69,01/26/2015
000240,P,20150127,29,18,18,9,29,93,211,615,652,590,619,602,633,624,727,869,1040,825,499,324,225,176,126,92,01/27/2015
000240,S,20150127,38,19,14,15,11,82,250,711,927,783,748,601,619,624,656,841,854,848,551,353,294,199,153,80,01/27/2015
000240,P,20150128,40,20,17,16,31,80,210,588,636,608,599,594,667,637,704,811,955,890,536,327,240,249,135,87,01/28/2015
000240,S,20150128,44,28,22,15,9,73,282,683,915,762,734,603,672,676,713,878,867,905,612,453,325,259,169,126,01/28/2015
000240,P,20150129,47,33,21,10,24,80,194,584,662,564,547,562,616,661,762,853,1050,883,398,347,243,210,160,91,01/29/2015
000240,S,20150129,57,50,17,21,15,67,270,714,987,807,686,661,667,668,715,929,974,985,671,464,384,315,191,141,01/29/2015
000240,P,20150130,38,28,19,18,26,75,184,581,687,626,581,674,691,816,874,979,1210,970,644,432,448,322,202,139,01/30/2015
000240,S,20150130,73,56,55,22,12,74,245,686,1059,1017,882,827,817,811,877,1171,1178,1107,787,845,702,504,285,199,01/30/2015
000240,P,20150131,97,46,43,15,31,77,158,365,731,793,871,789,791,920,1122,1348,1284,1210,870,692,556,436,289,157,01/31/2015
000240,S,20150131,124,49,49,21,16,48,212,823,1131,1144,1092,1108,1266,1056,1034,1055,1232,1002,675,567,425,323,189,151,01/31/2015
000240,P,20150201,83,44,40,30,41,62,195,361,712,846,1031,912,907,894,934,1076,965,488,423,290,497,230,144,76,02/01/2015
000240,S,20150201,58,45,26,17,17,41,152,520,985,952,912,855,843,853,827,933,790,458,295,219,288,185,119,72,02/01/2015
000240,P,20150202,35,17,26,19,40,144,334,733,780,757,721,707,689,737,824,888,916,927,537,383,267,217,141,100,02/02/2015
000240,S,20150202,40,17,15,18,15,69,244,615,843,759,725,759,708,673,701,817,853,970,603,395,294,219,131,68,02/02/2015
000240,P,20150203,34,20,16,14,30,106,241,654,764,712,604,589,665,718,760,874,993,876,585,376,255,214,148,92,02/03/2015
000240,S,20150203,38,23,22,15,13,79,151,382,846,799,687,722,651,672,655,880,892,943,592,417,340,262,155,75,02/03/2015
000240,P,20150204,32,19,19,14,25,90,204,635,642,548,491,466,478,552,603,703,820,770,277,247,219,210,125,93,02/04/2015
000240,S,20150204,36,34,21,10,13,75,260,603,945,628,591,508,538,480,493,584,743,750,502,366,268,227,164,122,02/04/2015
000240,P,20150205,39,23,27,13,36,92,210,658,716,610,556,613,658,711,861,1091,1161,989,385,393,362,246,196,109,02/05/2015
000240,S,20150205,79,46,29,25,26,72,284,655,1183,1019,816,735,746,740,806,915,993,1088,708,561,464,374,235,170,02/05/2015
000240,P,20150206,40,28,21,20,33,90,195,651,803,688,710,683,688,798,971,1089,1321,1061,666,455,428,235,191,122,02/06/2015
000240,S,20150206,78,88,37,24,17,88,266,756,1238,1066,1039,899,886,805,864,1084,1212,1204,936,711,734,553,310,181,02/06/2015
000240,P,20150207,76,52,43,26,30,111,281,540,882,871,840,754,851,885,1058,1366,1370,1044,852,584,401,332,252,160,02/07/2015
000240,S,20150207,106,44,37,21,24,48,242,738,1093,1030,1013,1085,1037,943,1042,1084,1287,982,795,535,517,336,189,111,02/07/2015
000240,P,20150208,86,56,36,34,57,71,250,401,806,1003,1138,900,867,795,862,944,947,652,628,460,334,258,146,78,02/08/2015
000240,S,20150208,78,47,31,29,23,53,152,635,985,796,785,782,759,746,775,917,966,852,608,380,251,168,108,70,02/08/2015
000240,P,20150209,48,20,25,21,39,139,300,765,796,671,683,657,725,714,733,893,1024,881,540,327,221,210,114,78,02/09/2015
000240,S,20150209,33,26,16,21,20,87,245,682,959,817,717,673,595,635,778,775,840,883,606,404,317,251,112,72,02/09/2015
000240,P,20150210,34,21,14,17,32,89,236,641,711,639,575,520,591,555,662,738,914,847,525,307,246,170,116,75,02/10/2015
000240,S,20150210,47,17,23,12,22,70,239,741,948,702,658,589,595,531,588,760,786,786,500,378,298,233,142,72,02/10/2015
000240,P,20150211,43,19,11,11,32,89,209,632,694,573,592,606,611,681,728,840,1149,957,558,344,271,215,119,105,02/11/2015
000240,S,20150211,59,14,15,10,9,78,202,616,995,852,721,607,638,594,700,852,926,831,593,567,361,288,199,114,02/11/2015
000240,P,20150212,96,50,38,34,84,192,462,1266,1428,1234,1240,1326,1252,1268,1614,1782,2194,1956,1288,658,584,490,348,210,02/12/2015
000240,S,20150212,120,66,56,36,46,148,498,1472,2050,1574,1574,1378,1380,1438,1528,1920,1962,2032,1568,1168,1082,884,520,380,02/12/2015
000240,P,20150213,47,29,34,14,28,81,242,605,746,719,732,663,706,705,929,1020,1216,1160,707,465,342,330,274,141,02/13/2015
000240,S,20150213,121,72,33,22,24,79,274,791,1157,976,909,853,744,825,945,1115,1233,1063,911,748,618,504,360,224,02/13/2015
000240,P,20150214,162,150,100,52,90,152,368,892,1388,1518,1674,1630,1486,1590,1748,2280,2420,2026,1292,882,622,596,500,344,02/14/2015
000240,S,20150214,316,184,132,54,52,104,492,1622,2324,1956,1670,1738,1646,1702,1900,1988,2302,1846,1482,1032,896,734,526,338,02/14/2015
000240,P,20150215,83,47,50,24,28,69,187,367,719,910,890,866,805,849,867,912,992,697,538,375,294,207,181,106,02/15/2015
000240,S,20150215,111,61,45,22,22,38,155,666,974,911,769,802,747,807,791,895,822,669,477,424,314,286,167,85,02/15/2015
000240,P,20150216,50,44,36,33,63,154,293,715,844,871,860,718,726,781,785,987,1044,925,573,324,276,221,136,93,02/16/2015
000240,S,20150216,74,37,27,20,29,75,226,713,1296,1095,837,691,720,636,637,742,753,762,487,354,267,200,103,69,02/16/2015
000240,P,20150217,37,32,16,15,60,134,262,633,734,625,684,704,720,833,961,1106,1134,984,574,353,267,195,116,96,02/17/2015
000240,S,20150217,49,29,27,15,29,76,255,762,1213,1165,947,750,679,685,634,812,829,799,610,396,293,231,134,86,02/17/2015
000240,P,20150218,57,38,28,21,45,99,257,688,748,651,685,652,686,693,798,963,1123,1012,574,334,276,228,102,96,02/18/2015
000240,S,20150218,55,29,29,14,17,68,269,760,1045,976,795,755,753,688,704,850,969,968,658,478,312,293,172,146,02/18/2015
000240,P,20150219,48,21,17,19,25,83,210,675,769,681,610,677,628,711,811,1020,1186,1011,607,390,364,282,184,112,02/19/2015
000240,S,20150219,97,48,15,23,22,65,285,777,1101,992,777,728,716,768,815,925,1139,1162,842,598,438,364,233,161,02/19/2015
000240,P,20150220,49,24,24,19,26,84,235,676,782,766,792,751,796,797,799,850,854,914,676,562,569,303,196,103,02/20/2015
000240,S,20150220,89,55,34,22,20,84,290,826,1235,1031,895,813,755,627,527,632,831,721,655,471,519,569,229,151,02/20/2015
000240,P,20150221,71,39,28,35,58,95,208,430,585,674,647,586,625,679,814,1060,1122,976,588,362,290,254,280,128,02/21/2015
000240,S,20150221,108,65,38,22,30,74,366,948,1466,1265,681,591,602,557,687,740,720,768,556,375,337,254,174,93,02/21/2015
000240,P,20150222,76,42,36,34,46,79,245,467,765,958,886,786,739,748,704,789,809,670,461,305,243,209,138,80,02/22/2015
000240,S,20150222,81,49,31,31,21,64,188,728,1046,716,571,590,566,561,565,653,689,565,439,306,202,152,109,72,02/22/2015
000240,P,20150223,47,26,26,20,36,111,287,522,692,705,699,585,687,726,801,1004,1185,952,568,331,243,210,154,89,02/23/2015
000240,S,20150223,50,32,23,18,29,85,234,610,1047,1023,833,682,591,545,577,716,794,793,534,399,250,203,105,75,02/23/2015
000240,P,20150224,31,24,19,11,31,101,220,540,744,726,587,607,608,664,764,971,1096,933,528,301,258,184,118,115,02/24/2015
000240,S,20150224,34,24,19,13,19,81,249,671,1076,906,814,678,654,587,679,758,843,851,564,385,288,231,147,88,02/24/2015
000240,P,20150225,53,23,12,16,25,83,205,484,708,632,658,559,597,613,723,787,878,800,427,183,157,200,128,83,02/25/2015
000240,S,20150225,55,28,26,15,19,91,257,597,885,800,681,653,591,588,698,685,820,789,490,352,297,182,146,83,02/25/2015
000240,P,20150226,54,35,29,20,37,63,186,423,711,615,495,594,672,677,819,918,969,822,527,329,289,218,169,100,02/26/2015
000240,S,20150226,43,53,40,39,34,77,237,671,1129,976,747,620,666,645,676,777,880,903,624,459,354,292,209,132,02/26/2015
000240,P,20150227,54,36,31,30,42,78,202,435,604,703,711,680,703,707,795,904,1031,867,339,322,309,271,197,160,02/27/2015
000240,S,20150227,101,52,78,64,22,77,214,526,949,979,904,831,718,743,795,940,998,1063,805,644,599,440,312,202,02/27/2015
000240,P,20150228,80,53,37,31,32,67,210,541,784,786,852,663,709,704,911,1099,1028,754,599,375,316,246,214,142,02/28/2015
000240,S,20150228,107,64,57,26,22,55,254,852,1190,913,812,693,728,650,810,933,1044,898,604,454,373,318,216,128,02/28/2015
000240,P,20150301,66,45,37,36,56,107,230,493,811,997,968,842,851,796,765,798,864,589,436,410,346,207,278,75,03/01/2015
000240,S,20150301,80,52,26,25,30,49,94,573,1056,822,636,574,575,566,722,812,859,710,542,365,235,152,114,112,03/01/2015
000240,P,20150302,54,19,25,13,47,109,331,706,769,688,649,656,651,763,852,887,1022,790,550,313,242,211,112,74,03/02/2015
000240,S,20150302,56,24,17,23,34,81,228,739,1068,882,691,617,625,565,693,797,846,858,564,336,239,155,134,56,03/02/2015
000240,P,20150303,44,22,23,10,26,94,173,420,707,591,565,569,553,642,716,836,869,780,514,322,265,206,123,74,03/03/2015
000240,S,20150303,38,24,19,11,20,71,223,665,990,756,622,569,577,587,640,761,875,827,559,387,203,239,137,80,03/03/2015
000240,P,20150304,56,20,19,10,26,88,203,703,721,606,541,558,624,614,740,762,887,841,495,259,258,220,127,102,03/04/2015
000240,S,20150304,37,27,32,19,22,90,267,687,982,789,600,645,594,570,703,790,843,842,627,488,352,280,140,121,03/04/2015
000240,P,20150305,33,20,23,23,31,71,200,664,800,637,582,578,555,629,766,942,1070,907,579,395,312,242,132,108,03/05/2015
000240,S,20150305,91,51,51,20,25,53,262,775,1075,851,745,709,658,627,667,929,1021,1199,704,569,460,320,224,134,03/05/2015
000240,P,20150306,46,26,33,23,24,86,219,669,867,765,650,660,685,687,838,988,1287,1188,748,475,394,228,229,139,03/06/2015
000240,S,20150306,105,56,31,28,27,91,261,878,1166,932,866,765,827,747,812,1010,1204,1193,887,794,716,552,353,198,03/06/2015
000240,P,20150307,77,49,38,31,33,79,246,587,1043,903,797,636,684,805,887,992,1146,944,706,477,341,344,288,122,03/07/2015
000240,S,20150307,96,76,53,38,20,62,257,729,1042,930,846,826,835,812,869,1086,1174,1211,832,579,421,376,277,140,03/07/2015
000240,P,20150309,52,23,30,15,44,107,237,668,757,713,713,672,704,675,734,837,1116,1094,675,419,305,270,167,124,03/09/2015
000240,S,20150309,52,31,20,25,24,85,228,715,1020,913,763,768,721,687,720,852,901,947,733,489,329,275,183,102,03/09/2015
000240,P,20150310,34,29,20,18,26,86,228,649,763,713,632,630,653,623,646,878,1189,1058,737,446,299,230,170,129,03/10/2015
000240,S,20150310,43,28,24,20,18,77,263,736,1011,837,749,727,684,695,696,870,977,1004,732,547,418,301,179,112,03/10/2015
000240,P,20150311,58,31,19,18,27,87,223,680,800,721,695,681,742,676,755,872,1179,1076,631,424,314,270,175,106,03/11/2015
000240,S,20150311,66,30,14,23,15,77,282,721,955,853,790,713,750,662,800,952,1007,996,784,608,435,342,180,111,03/11/2015
000240,P,20150312,36,32,24,15,32,71,173,416,460,663,644,730,679,694,787,936,1191,1045,650,329,357,281,190,98,03/12/2015
000240,S,20150312,81,40,29,17,17,68,269,721,938,853,712,699,750,792,854,982,1006,1058,819,566,446,363,221,160,03/12/2015
000240,P,20150313,53,37,30,25,38,91,241,610,760,756,760,648,676,750,842,891,1167,1040,636,394,435,309,193,145,03/13/2015
000240,S,20150313,81,61,62,21,27,75,207,669,1034,902,786,801,748,721,815,996,963,983,926,751,595,510,295,199,03/13/2015
000240,P,20150314,79,41,46,26,54,76,219,433,747,842,828,800,771,697,825,928,1104,887,684,524,392,294,236,145,03/14/2015
000240,S,20150314,100,76,41,29,26,55,214,632,1015,907,870,762,775,818,938,1026,1151,1003,820,606,509,372,261,161,03/14/2015
000240,P,20150315,74,60,41,22,42,64,185,336,655,780,894,827,749,768,730,856,984,808,634,485,369,281,186,92,03/15/2015
000240,S,20150315,86,62,36,14,25,43,152,608,741,786,686,686,767,705,852,919,997,806,685,530,412,289,160,114,03/15/2015
000240,P,20150316,44,26,25,21,52,94,253,665,780,723,723,700,688,733,806,941,1109,1136,542,383,341,251,153,100,03/16/2015
000240,S,20150316,52,43,31,16,22,73,244,707,1036,866,762,747,824,732,858,886,961,1022,804,533,427,313,179,83,03/16/2015
000240,P,20150317,50,30,10,18,45,98,223,635,789,733,736,627,701,733,745,907,1135,1020,580,429,327,254,192,116,03/17/2015
000240,S,20150317,56,22,22,11,21,68,270,718,1043,917,772,737,727,661,707,974,947,952,706,559,441,288,183,91,03/17/2015
000240,P,20150318,65,47,34,30,43,103,241,665,778,762,808,762,735,762,797,895,1166,1073,562,363,278,206,120,91,03/18/2015
000240,S,20150318,57,46,31,23,18,71,265,746,896,758,736,738,779,832,848,963,956,1005,736,526,378,291,157,104,03/18/2015
000240,P,20150319,30,23,31,17,31,96,225,635,747,663,701,689,664,745,793,914,1083,675,461,466,332,298,216,140,03/19/2015
000240,S,20150319,60,44,34,28,27,60,255,711,1144,933,793,732,778,743,744,903,945,1059,791,588,462,381,227,108,03/19/2015
000240,P,20150320,74,37,31,26,33,94,236,539,837,917,860,779,761,746,841,1043,1260,1120,671,497,400,342,211,138,03/20/2015
000240,S,20150320,79,57,39,22,26,76,263,665,1072,1098,914,895,812,779,805,970,1093,1062,894,773,655,438,258,155,03/20/2015
000240,P,20150321,88,51,40,34,40,70,155,287,601,852,931,776,744,709,765,957,1151,660,531,456,386,326,202,153,03/21/2015
000240,S,20150321,117,56,44,23,27,47,210,638,846,866,828,844,820,785,897,988,1049,913,784,563,406,329,214,135,03/21/2015
000240,P,20150322,68,54,46,25,47,82,188,332,592,766,936,783,703,786,741,824,1063,784,602,400,356,199,163,74,03/22/2015
000240,S,20150322,67,46,28,23,20,49,156,486,642,728,751,752,738,670,798,780,930,761,568,444,385,232,118,75,03/22/2015
000240,P,20150323,42,29,19,22,42,96,253,654,694,729,785,734,724,724,807,974,1132,1019,623,372,375,224,133,84,03/23/2015
000240,S,20150323,46,20,22,21,28,69,256,702,911,834,796,756,791,754,856,860,966,1014,748,494,331,228,139,68,03/23/2015
000240,P,20150324,47,24,13,16,32,86,181,581,700,696,717,688,660,720,753,935,1122,1038,614,397,281,234,127,74,03/24/2015
000240,S,20150324,40,22,18,20,14,56,227,593,971,807,824,680,769,694,707,930,977,891,639,523,378,249,163,100,03/24/2015
000240,P,20150325,40,21,15,19,36,87,206,572,636,632,562,599,610,579,664,787,1014,939,601,384,282,268,141,96,03/25/2015
000240,S,20150325,50,32,23,13,19,59,209,558,752,623,670,759,637,663,695,846,898,929,628,558,406,287,180,92,03/25/2015
000240,P,20150326,37,30,28,13,27,91,241,614,745,751,770,680,668,754,776,927,1217,1099,640,407,395,238,170,96,03/26/2015
000240,S,20150326,58,34,23,20,22,69,255,683,985,962,795,736,766,842,828,949,1073,1082,811,538,461,346,197,94,03/26/2015
000240,P,20150327,46,26,17,25,35,94,247,657,796,773,830,711,763,778,881,1047,1253,1046,636,427,382,315,220,126,03/27/2015
000240,S,20150327,47,57,32,18,16,76,255,730,964,996,830,830,847,812,816,1061,1124,993,993,659,576,462,265,183,03/27/2015
000240,P,20150328,73,42,38,23,38,71,182,351,635,746,830,761,734,715,746,907,982,791,623,406,304,376,220,153,03/28/2015
000240,S,20150328,94,62,42,21,20,34,174,502,794,718,859,833,765,718,848,970,1011,944,740,534,417,369,204,128,03/28/2015
000240,P,20150329,75,52,53,24,30,53,139,308,589,814,944,791,721,747,699,847,905,681,560,421,323,207,149,62,03/29/2015
000240,S,20150329,67,38,36,14,18,33,115,397,595,761,730,733,656,657,693,745,810,717,564,405,332,267,146,78,03/29/2015
000240,P,20150330,39,19,19,18,38,91,244,638,697,696,728,640,695,659,701,812,992,926,575,354,267,233,100,88,03/30/2015
000240,S,20150330,41,24,22,13,26,66,228,638,813,824,665,700,676,694,783,799,867,888,639,474,353,270,125,86,03/30/2015
000240,P,20150331,34,24,21,11,34,69,205,647,690,622,704,654,673,639,688,850,1011,919,626,330,220,212,128,78,03/31/2015
000240,S,20150331,41,28,17,10,17,51,254,703,864,784,696,686,672,636,756,811,914,868,664,490,358,329,191,85,03/31/2015
000240,P,20150401,42,24,16,21,36,80,234,657,720,636,706,711,680,623,684,816,906,889,564,372,285,257,142,94,04/01/2015
000240,S,20150401,53,32,22,15,20,67,244,660,823,729,680,715,651,728,732,984,976,835,661,438,373,295,192,113,04/01/2015
000240,P,20150402,50,20,21,13,29,84,227,568,651,633,628,718,632,693,701,790,989,911,521,342,270,187,132,99,04/02/2015
000240,S,20150402,66,40,31,13,17,53,242,677,829,739,682,668,687,698,774,883,890,908,704,481,360,257,138,137,04/02/2015
000240,P,20150403,52,30,16,23,34,78,172,495,579,608,591,686,756,789,865,1003,1214,1001,644,464,326,310,206,117,04/03/2015
000240,S,20150403,67,51,37,25,23,73,189,680,1011,928,918,792,683,690,793,899,985,925,784,585,472,349,209,122,04/03/2015
000240,P,20150404,48,25,35,21,42,78,169,355,560,746,769,736,692,717,743,876,896,756,553,385,266,226,189,94,04/04/2015
000240,S,20150404,101,57,40,24,25,42,167,547,789,768,757,697,638,668,717,838,786,706,566,476,310,272,212,96,04/04/2015
000240,P,20150405,54,35,27,29,36,62,154,297,466,659,659,687,611,580,591,640,751,605,406,334,264,196,95,68,04/05/2015
000240,S,20150405,57,26,32,15,9,122,119,375,420,584,550,517,559,492,560,582,617,514,452,341,252,204,114,68,04/05/2015
000240,P,20150406,26,16,18,21,38,113,235,489,580,661,598,627,629,587,570,677,807,803,470,270,227,220,126,61,04/06/2015
000240,S,20150406,33,26,17,17,19,69,216,530,628,616,555,636,619,605,645,730,796,747,571,351,251,213,136,77,04/06/2015
000240,P,20150407,30,13,13,10,29,84,193,472,574,590,579,614,557,554,605,744,782,748,496,292,240,192,111,82,04/07/2015
000240,S,20150407,38,30,13,9,17,48,227,597,676,649,632,594,609,621,626,679,726,735,592,362,270,216,122,82,04/07/2015
000240,P,20150408,44,23,9,24,20,73,182,436,541,564,593,578,620,622,605,689,765,814,470,268,247,137,96,61,04/08/2015
000240,S,20150408,46,30,18,14,18,63,238,606,666,628,615,564,558,587,650,633,755,732,543,396,254,214,104,98,04/08/2015
000240,P,20150409,31,17,9,12,21,78,163,409,507,496,532,546,528,557,581,652,785,745,490,313,265,178,129,77,04/09/2015
000240,S,20150409,47,28,21,15,13,48,224,590,711,558,544,568,571,572,548,633,701,714,536,412,302,192,122,104,04/09/2015
000240,P,20150410,38,12,20,17,30,84,195,435,565,594,694,600,588,645,651,807,901,746,494,320,248,218,133,80,04/10/2015
000240,S,20150410,57,51,31,20,24,69,226,556,734,663,637,636,586,598,743,767,880,861,613,522,371,270,209,118,04/10/2015
000240,P,20150411,34,28,16,25,24,61,152,279,453,592,595,521,506,540,596,632,946,918,621,387,295,225,154,95,04/11/2015
000240,S,20150411,78,45,31,13,20,42,195,414,646,709,790,795,813,841,739,700,658,572,406,331,243,205,148,116,04/11/2015
000240,P,20150412,61,35,24,24,29,51,126,261,484,713,828,857,715,479,513,505,583,522,395,275,211,158,109,67,04/12/2015
000240,S,20150412,64,32,22,12,21,39,110,286,368,471,490,540,525,572,525,537,549,471,386,320,253,166,96,56,04/12/2015
000240,P,20150413,28,18,7,22,29,87,214,602,589,524,551,563,541,615,617,692,770,785,398,290,202,166,87,65,04/13/2015
000240,S,20150413,30,21,22,15,17,63,244,592,695,631,587,613,603,555,625,632,671,694,491,378,252,154,104,59,04/13/2015
000240,P,20150414,38,26,10,12,22,75,191,593,530,516,507,571,578,553,624,630,787,809,437,277,199,146,87,54,04/14/2015
000240,S,20150414,26,23,13,13,16,57,230,631,691,594,589,573,599,555,549,657,714,676,511,363,286,200,122,77,04/14/2015
000240,P,20150415,30,20,11,12,25,84,178,547,544,450,475,544,526,562,588,625,741,765,408,295,240,166,85,63,04/15/2015
000240,S,20150415,32,22,19,10,12,51,243,590,652,583,534,567,586,526,569,674,679,734,516,352,253,204,99,74,04/15/2015
000240,P,20150416,33,18,9,10,17,74,166,532,515,432,414,466,498,488,575,576,752,722,421,261,189,140,92,57,04/16/2015
000240,S,20150416,41,35,19,18,16,44,240,558,738,490,497,491,518,575,525,627,650,650,475,365,231,194,118,66,04/16/2015
000240,P,20150417,24,14,12,14,17,71,124,439,476,344,359,379,509,621,766,787,950,709,445,284,238,184,149,78,04/17/2015
000240,S,20150417,49,33,26,21,25,63,195,524,869,682,615,539,484,434,447,674,724,718,550,476,354,285,179,105,04/17/2015
000240,P,20150418,42,31,31,26,31,50,151,251,366,520,571,534,596,593,706,822,1034,657,444,279,229,181,145,86,04/18/2015
000240,S,20150418,63,34,61,24,17,31,115,419,754,739,822,762,635,554,555,516,582,542,402,317,209,216,164,93,04/18/2015
000240,P,20150419,43,29,19,23,24,42,91,171,388,500,621,637,606,575,598,634,904,785,536,321,226,149,99,58,04/19/2015
000240,S,20150419,73,42,25,14,17,21,103,335,580,671,658,678,584,535,538,424,460,392,330,238,195,113,96,42,04/19/2015
000240,P,20150420,21,26,11,17,31,84,201,430,481,630,663,582,547,567,552,542,625,705,362,172,134,128,56,42,04/20/2015
000240,S,20150420,29,28,21,10,21,42,164,459,550,578,559,469,526,527,617,534,645,599,385,276,202,199,91,50,04/20/2015
000240,P,20150421,25,21,10,12,36,96,181,544,600,500,555,556,573,555,502,557,691,749,415,235,195,108,58,31,04/21/2015
000240,S,20150421,46,19,14,7,26,56,208,615,681,466,448,465,523,529,562,540,687,704,488,349,238,164,87,61,04/21/2015
000240,P,20150422,22,13,4,19,21,75,214,590,602,514,484,519,530,514,492,541,689,725,394,232,180,123,83,44,04/22/2015
000240,S,20150422,38,18,10,8,11,55,216,615,654,464,450,495,523,501,579,673,682,739,469,302,231,147,90,51,04/22/2015
000240,P,20150423,18,11,9,11,23,70,177,567,549,485,510,529,584,500,508,551,704,782,428,242,197,103,70,47,04/23/2015
000240,S,20150423,18,21,9,11,16,40,226,592,654,460,477,536,498,570,542,744,655,629,497,352,236,187,91,59,04/23/2015
000240,P,20150424,19,17,12,14,23,67,178,563,512,485,582,581,576,564,559,613,693,658,346,264,199,107,100,59,04/24/2015
000240,S,20150424,37,10,17,11,12,51,188,608,569,440,456,487,553,640,654,837,691,667,515,397,274,189,168,132,04/24/2015
000240,P,20150425,34,14,13,15,17,49,120,218,339,483,555,506,485,534,458,431,479,391,349,234,174,121,105,64,04/25/2015
000240,S,20150425,42,21,25,8,11,25,109,233,304,333,474,556,637,595,558,571,526,453,410,302,205,152,118,84,04/25/2015
000240,P,20150426,36,31,30,23,21,28,75,154,272,461,527,591,478,503,330,295,266,250,152,110,106,78,56,40,04/26/2015
000240,S,20150426,48,35,41,24,22,29,52,148,220,253,311,373,339,314,336,331,350,334,190,179,114,97,62,29,04/26/2015
000240,P,20150427,17,13,9,9,18,68,171,528,583,472,492,497,539,518,547,501,567,648,356,189,154,108,63,39,04/27/2015
000240,S,20150427,24,23,12,12,19,55,226,539,605,461,460,455,513,567,571,597,585,562,431,260,199,128,86,48,04/27/2015
000240,P,20150428,10,13,6,13,17,65,193,599,560,501,602,548,576,493,564,541,666,772,444,197,170,121,67,57,04/28/2015
000240,S,20150428,27,21,16,9,11,47,243,631,676,526,461,500,546,523,536,646,651,656,438,357,258,195,76,64,04/28/2015
000240,P,20150429,17,12,14,9,15,68,211,586,566,503,476,511,543,501,510,545,722,772,386,280,186,123,67,37,04/29/2015
000240,S,20150429,33,21,12,14,10,67,244,597,674,483,453,501,520,521,571,604,630,724,530,360,247,177,78,62,04/29/2015
000240,P,20150430,17,14,12,9,20,68,191,543,581,480,535,529,541,499,467,556,712,752,391,245,198,112,71,51,04/30/2015
000240,S,20150430,25,14,10,10,10,58,260,577,682,481,450,532,549,565,527,706,634,706,531,341,240,188,105,64,04/30/2015
000240,P,20150501,17,18,10,13,27,71,169,538,530,497,511,542,585,578,657,568,790,635,396,241,143,147,99,57,05/01/2015
000240,S,20150501,39,23,14,15,12,68,227,638,646,469,462,525,574,577,600,728,692,706,504,421,276,222,149,62,05/01/2015
000240,P,20150502,25,17,13,7,14,41,124,207,377,464,562,540,517,483,419,392,365,392,305,222,175,117,84,66,05/02/2015
000240,S,20150502,62,22,22,9,9,29,97,272,336,306,467,481,573,481,545,493,509,449,368,285,217,174,120,109,05/02/2015
000240,P,20150503,37,18,13,13,22,32,69,143,275,399,569,523,540,452,394,465,383,327,232,145,127,87,52,35,05/03/2015
000240,S,20150503,49,23,15,15,6,29,67,177,235,255,284,398,451,411,428,435,443,440,258,222,164,132,75,54,05/03/2015
000240,P,20150504,17,9,9,11,30,80,205,557,543,426,453,509,477,510,486,646,544,660,336,192,117,100,60,36,05/04/2015
000240,S,20150504,31,28,20,11,20,50,217,568,617,468,456,459,517,502,611,604,562,571,442,290,199,123,102,51,05/04/2015
000240,P,20150505,26,11,10,9,31,65,217,558,530,438,451,482,526,524,508,576,609,666,332,210,124,75,63,38,05/05/2015
000240,S,20150505,33,14,12,10,16,61,254,626,658,474,418,480,499,528,529,669,572,625,393,282,189,159,82,43,05/05/2015
000240,P,20150506,19,11,10,12,21,69,202,521,545,419,484,517,472,450,485,493,659,705,349,251,138,85,63,42,05/06/2015
000240,S,20150506,33,16,15,13,4,50,253,555,631,441,450,519,494,511,508,629,578,661,417,300,219,159,71,67,05/06/2015
000240,P,20150507,19,12,17,6,24,78,224,519,530,438,492,551,456,498,500,556,638,765,404,208,151,104,62,39,05/07/2015
000240,S,20150507,26,18,9,9,12,48,252,591,612,481,444,492,549,545,517,622,587,627,462,355,280,177,111,46,05/07/2015
000240,P,20150508,18,18,6,12,12,68,151,527,526,410,443,486,471,507,497,551,621,596,382,231,167,130,80,49,05/08/2015
000240,S,20150508,27,31,16,12,9,66,198,494,598,444,411,527,512,531,541,671,639,671,460,341,251,215,118,63,05/08/2015
000240,P,20150509,34,11,15,5,19,40,77,186,278,367,449,521,533,471,421,415,349,292,217,152,116,96,51,42,05/09/2015
000240,S,20150509,52,24,20,13,9,25,82,196,258,272,342,435,475,490,537,524,496,370,232,202,156,98,86,62,05/09/2015
000240,P,20150510,21,21,11,11,9,31,47,162,303,313,386,375,354,347,316,267,295,258,193,140,124,66,32,39,05/10/2015
000240,S,20150510,34,16,10,16,11,17,61,142,172,244,249,281,295,308,331,338,386,326,286,212,159,111,65,52,05/10/2015
000240,P,20150511,14,12,9,11,20,77,193,522,590,450,495,511,471,522,493,492,601,714,371,217,145,119,55,31,05/11/2015
000240,S,20150511,20,14,12,9,15,51,223,562,665,500,440,477,496,557,619,609,649,676,440,296,250,156,76,56,05/11/2015
000240,P,20150512,36,5,9,11,21,87,237,586,503,453,516,567,592,447,501,572,711,787,410,213,132,103,52,33,05/12/2015
000240,S,20150512,39,13,10,6,8,70,251,621,768,480,441,441,554,518,567,681,617,602,417,351,278,159,97,57,05/12/2015
000240,P,20150513,21,16,12,7,18,101,200,540,552,456,493,526,549,528,503,552,682,729,406,235,178,155,66,46,05/13/2015
000240,S,20150513,39,16,21,9,11,67,256,624,685,531,465,547,614,495,585,584,574,716,484,359,244,171,96,58,05/13/2015
000240,P,20150514,18,16,7,10,22,82,227,567,546,462,436,515,524,497,571,508,751,778,425,218,210,108,69,42,05/14/2015
000240,S,20150514,32,15,13,9,10,59,244,610,673,466,442,514,559,554,571,716,636,726,466,371,299,163,98,42,05/14/2015
000240,P,20150515,24,14,6,14,25,72,216,591,573,441,527,500,671,567,598,561,682,620,439,220,191,183,77,46,05/15/2015
000240,S,20150515,24,16,12,12,9,62,260,573,628,471,482,546,620,592,638,782,809,654,553,417,245,241,143,80,05/15/2015
000240,P,20150516,25,14,16,16,15,37,116,223,357,464,516,565,507,470,394,455,386,347,289,189,159,203,106,71,05/16/2015
000240,S,20150516,60,12,24,7,11,23,94,227,322,344,424,509,610,555,526,553,555,445,309,266,250,183,115,79,05/16/2015
000240,P,20150517,15,14,25,13,20,22,68,137,322,413,486,561,590,523,418,503,429,307,274,167,135,88,76,32,05/17/2015
000240,S,20150517,57,20,20,12,15,22,55,185,209,267,321,415,425,410,468,447,451,448,393,261,210,147,76,52,05/17/2015
000240,P,20150518,22,9,7,5,21,77,213,615,569,517,539,571,572,502,515,639,658,624,303,212,127,90,54,33,05/18/2015
000240,S,20150518,37,22,14,11,12,45,249,623,680,530,519,515,604,543,632,659,641,652,395,247,162,133,74,46,05/18/2015
000240,P,20150519,21,9,8,12,15,62,191,509,533,432,431,473,503,424,403,387,638,653,373,227,151,90,60,41,05/19/2015
000240,S,20150519,23,12,8,15,9,46,213,591,641,431,406,515,486,552,475,598,634,563,367,282,174,152,81,62,05/19/2015
000240,P,20150520,23,8,9,7,22,85,233,592,603,546,498,525,574,521,495,520,699,748,441,293,175,117,53,48,05/20/2015
000240,S,20150520,36,23,16,8,8,54,244,621,682,487,485,530,547,571,577,709,678,820,468,364,270,203,88,41,05/20/2015
000240,P,20150521,15,12,5,8,21,72,223,608,575,506,506,491,518,520,550,550,745,744,369,284,206,143,64,43,05/21/2015
000240,S,20150521,27,18,14,9,8,54,271,644,664,464,447,518,621,586,638,745,719,723,548,396,234,151,120,56,05/21/2015
000240,P,20150522,19,12,7,12,23,60,174,502,520,512,531,561,566,561,531,607,712,709,448,302,201,154,101,47,05/22/2015
000240,S,20150522,34,29,16,10,16,53,210,584,645,437,510,559,603,602,709,867,795,725,596,432,333,318,161,110,05/22/2015
000240,P,20150523,32,23,18,9,18,43,128,210,419,565,532,524,548,579,491,507,510,417,349,273,237,169,117,71,05/23/2015
000240,S,20150523,84,53,26,18,16,29,102,237,295,393,437,559,744,637,687,687,749,629,467,319,239,200,141,110,05/23/2015
000240,P,20150524,33,27,19,11,18,31,79,180,305,536,612,631,591,594,475,503,469,414,374,242,190,135,99,61,05/24/2015
000240,S,20150524,55,24,17,15,9,22,64,191,256,298,439,535,563,547,631,581,710,586,370,318,246,198,110,74,05/24/2015
000240,P,20150525,21,11,7,10,21,52,119,225,340,547,648,693,574,557,547,489,507,436,287,205,138,124,66,37,05/25/2015
000240,S,20150525,41,26,14,12,15,31,86,235,306,329,407,490,523,501,537,564,572,449,356,286,183,163,106,41,05/25/2015
000240,P,20150526,19,7,12,11,30,85,256,600,587,507,618,620,577,574,569,648,736,741,431,253,175,111,83,38,05/26/2015
000240,S,20150526,33,11,15,12,19,63,265,617,700,521,526,558,591,632,619,709,765,746,474,318,259,192,98,50,05/26/2015
000240,P,20150527,20,14,3,10,20,80,216,627,557,492,559,601,561,579,620,596,705,778,471,289,188,137,60,47,05/27/2015
000240,S,20150527,43,24,16,12,16,69,277,634,721,533,517,554,612,615,599,719,731,736,516,407,291,203,107,59,05/27/2015
000240,P,20150528,18,8,12,17,20,74,223,582,565,551,533,535,600,539,555,576,765,819,420,248,181,138,86,50,05/28/2015
000240,S,20150528,30,33,17,9,13,72,253,632,711,476,538,556,624,567,621,758,710,778,572,335,322,192,109,75,05/28/2015
000240,P,20150529,26,15,9,11,16,74,189,563,602,531,571,667,626,568,635,696,774,747,543,280,206,157,128,60,05/29/2015
000240,S,20150529,44,21,13,7,11,65,269,622,710,518,539,613,645,682,695,935,880,836,599,431,312,295,162,80,05/29/2015
000240,P,20150530,42,24,4,10,20,48,140,276,409,526,584,547,604,534,567,576,559,522,446,262,225,177,117,70,05/30/2015
000240,S,20150530,46,32,26,15,13,44,142,335,444,365,474,593,640,686,697,701,732,567,500,343,292,232,124,76,05/30/2015
000240,P,20150531,35,24,15,10,9,33,102,171,304,512,634,612,568,519,516,488,574,426,323,219,176,98,79,39,05/31/2015
000240,S,20150531,50,23,18,15,13,46,47,161,253,315,365,445,540,584,538,512,566,502,417,308,234,173,81,81,05/31/2015
000240,P,20150601,24,18,9,9,24,96,246,589,565,533,554,602,647,539,563,630,694,793,441,246,223,168,166,84,06/01/2015
000240,S,20150601,37,24,19,17,12,81,260,634,742,530,560,602,623,667,692,674,767,752,620,462,309,213,118,71,06/01/2015
000240,P,20150602,34,12,9,14,20,95,251,597,675,522,568,677,643,615,594,626,705,844,502,301,236,176,103,58,06/02/2015
000240,S,20150602,32,20,11,16,16,85,268,698,709,569,574,573,729,712,663,755,746,800,595,462,353,223,118,70,06/02/2015
000240,P,20150603,25,12,13,9,16,83,245,538,614,541,624,657,651,584,535,640,742,836,512,275,251,189,104,47,06/03/2015
000240,S,20150603,38,24,10,2,12,77,316,645,671,568,603,631,719,629,624,714,800,803,654,422,317,320,130,80,06/03/2015
000240,P,20150604,32,8,6,18,28,82,247,446,618,572,560,610,618,611,628,641,725,807,485,332,287,182,128,50,06/04/2015
000240,S,20150604,43,23,14,8,11,83,289,592,696,567,529,612,663,665,686,763,738,804,668,513,358,245,130,80,06/04/2015
000240,P,20150605,22,16,14,16,29,66,209,453,562,580,687,658,757,682,639,702,715,788,506,281,211,147,102,60,06/05/2015
000240,S,20150605,51,31,16,15,14,76,238,630,690,511,558,611,785,722,752,836,840,755,650,485,318,265,142,99,06/05/2015
000240,P,20150606,33,14,14,10,22,53,170,300,473,570,697,632,638,558,518,564,551,501,387,248,219,188,134,68,06/06/2015
000240,S,20150606,45,33,33,11,18,40,127,276,369,405,573,665,752,685,698,745,716,543,450,325,258,221,179,104,06/06/2015
000240,P,20150607,40,31,20,13,14,42,118,185,432,560,692,604,640,548,500,497,504,419,333,249,188,132,91,59,06/07/2015
000240,S,20150607,62,32,22,22,23,43,82,214,259,370,428,518,580,618,629,666,628,571,447,391,246,170,102,64,06/07/2015
000240,P,20150608,32,18,10,12,31,90,250,504,657,602,682,591,620,610,612,696,763,919,525,325,195,180,102,57,06/08/2015
000240,S,20150608,46,42,15,16,20,66,302,610,724,573,593,617,734,702,733,696,759,842,625,448,337,253,116,56,06/08/2015
000240,P,20150609,21,13,15,13,28,91,263,486,655,564,600,664,667,619,527,642,720,805,482,241,214,182,131,73,06/09/2015
000240,S,20150609,30,15,11,15,17,67,337,647,711,603,575,617,689,721,668,758,824,827,595,419,369,231,138,73,06/09/2015
000240,P,20150610,22,11,9,9,20,93,250,483,674,595,592,631,647,593,607,637,769,885,507,440,277,157,119,57,06/10/2015
000240,S,20150610,51,25,19,12,17,59,331,616,722,576,594,700,690,703,703,769,800,842,619,437,397,268,136,80,06/10/2015
000240,P,20150611,21,21,6,9,26,92,201,476,656,559,632,682,684,622,613,644,777,929,462,284,218,210,114,68,06/11/2015
000240,S,20150611,39,29,11,13,11,75,311,605,737,630,575,626,760,709,669,733,761,849,643,400,302,214,127,66,06/11/2015
000240,P,20150612,29,22,11,17,23,79,251,439,646,644,716,688,745,741,697,779,766,839,581,419,325,269,171,83,06/12/2015
000240,S,20150612,66,40,21,17,16,89,265,594,631,554,623,730,791,926,963,1010,1032,993,762,646,537,416,240,113,06/12/2015
000240,P,20150613,37,19,21,11,18,44,138,319,491,659,727,632,702,733,872,945,1138,661,595,418,282,273,159,97,06/13/2015
000240,S,20150613,85,30,18,11,29,131,289,585,718,818,828,859,839,823,880,843,721,635,559,340,317,228,127,78,06/13/2015
000240,P,20150614,28,30,17,22,35,66,167,257,557,761,934,802,750,653,661,642,653,540,433,274,197,156,85,63,06/14/2015
000240,S,20150614,62,30,20,16,23,42,105,255,332,409,539,616,645,683,707,730,703,558,465,334,282,249,139,65,06/14/2015
000240,P,20150615,32,15,12,12,37,100,234,504,642,684,685,694,725,649,603,708,786,857,533,383,222,208,97,61,06/15/2015
000240,S,20150615,38,21,10,12,19,84,304,638,772,630,625,747,774,745,744,761,864,840,675,444,324,251,112,69,06/15/2015
000240,P,20150616,21,22,9,15,30,90,268,465,688,612,616,655,664,726,688,685,838,921,593,328,221,193,121,53,06/16/2015
000240,S,20150616,28,19,15,10,9,88,311,687,701,611,677,703,805,776,792,825,910,932,685,440,373,240,129,85,06/16/2015
000240,P,20150617,27,24,10,10,23,104,279,520,698,656,667,682,696,720,707,668,834,872,558,429,286,370,152,65,06/17/2015
000240,S,20150617,33,33,18,12,10,75,355,681,810,702,702,742,756,810,751,861,917,1041,742,563,350,295,150,81,06/17/2015
000240,P,20150618,41,18,15,15,31,127,257,493,732,596,719,732,695,725,720,684,828,997,646,463,320,255,158,76,06/18/2015
000240,S,20150618,47,21,21,8,24,88,339,641,743,646,610,673,765,730,732,791,798,926,766,511,469,320,203,114,06/18/2015
000240,P,20150619,42,11,15,27,27,101,263,503,657,741,857,904,848,921,797,819,871,895,615,410,307,270,149,82,06/19/2015
000240,S,20150619,49,21,23,10,21,94,322,570,744,698,676,803,812,872,1057,1032,1060,946,708,582,554,512,241,111,06/19/2015
000240,P,20150620,39,28,20,18,26,92,192,319,507,625,811,901,856,795,768,784,770,686,522,425,309,305,194,115,06/20/2015
000240,S,20150620,86,38,25,11,21,60,180,356,479,541,752,818,808,859,1035,1116,1005,942,751,543,372,394,189,131,06/20/2015
000240,P,20150621,54,32,17,14,21,79,189,301,455,718,884,832,686,606,616,673,682,638,451,379,276,177,122,66,06/21/2015
000240,S,20150621,76,39,20,17,18,61,118,301,392,453,632,772,808,878,819,786,709,632,561,415,313,238,134,77,06/21/2015
000240,P,20150622,27,23,14,14,33,114,277,520,651,716,744,713,738,694,726,720,947,878,553,361,352,234,132,65,06/22/2015
000240,S,20150622,54,31,20,18,14,76,306,630,763,710,694,775,791,812,834,853,840,874,699,530,413,274,148,79,06/22/2015
000240,P,20150623,28,15,14,10,27,95,246,532,674,666,723,727,723,687,682,766,872,911,616,349,284,207,141,58,06/23/2015
000240,S,20150623,69,19,13,10,26,84,305,668,771,672,713,728,808,824,823,795,833,888,625,517,418,309,138,90,06/23/2015
000240,P,20150624,35,11,8,16,28,125,256,476,662,675,697,738,713,702,751,718,843,975,570,395,301,199,126,57,06/24/2015
000240,S,20150624,30,28,14,6,20,81,319,669,724,701,717,743,802,783,874,829,869,1047,701,463,341,249,151,96,06/24/2015
000240,P,20150625,19,12,10,15,33,84,257,482,695,679,683,740,749,719,712,854,798,960,575,393,274,225,117,72,06/25/2015
000240,S,20150625,45,28,20,19,25,70,316,686,776,673,685,786,850,850,916,942,887,910,661,484,435,312,137,81,06/25/2015
000240,P,20150626,36,22,14,12,36,101,294,493,702,724,751,790,819,789,730,850,960,831,549,389,332,326,161,104,06/26/2015
000240,S,20150626,57,24,22,16,25,88,300,627,774,703,773,845,928,916,1056,1047,1033,958,729,585,485,400,179,123,06/26/2015
000240,P,20150627,57,32,23,24,18,78,183,313,492,733,765,786,814,745,886,830,916,775,662,427,353,361,193,114,06/27/2015
000240,S,20150627,88,54,24,19,31,64,201,423,536,642,778,879,891,849,951,929,866,759,666,466,372,378,295,129,06/27/2015
000240,P,20150628,55,42,24,21,27,62,152,258,461,707,870,931,830,850,733,752,725,619,408,347,227,198,110,66,06/28/2015
000240,S,20150628,71,38,28,16,21,73,141,321,432,578,691,779,761,879,840,821,837,692,518,407,255,252,145,72,06/28/2015
000240,P,20150629,26,14,11,9,48,150,317,532,647,762,761,740,746,689,730,766,850,897,572,395,299,254,134,71,06/29/2015
000240,S,20150629,44,22,15,10,23,88,298,614,711,659,754,769,883,846,866,899,917,923,661,516,400,264,161,70,06/29/2015
000240,P,20150630,21,17,10,14,37,107,296,521,752,716,745,750,723,737,743,779,847,985,628,450,297,221,161,63,06/30/2015
000240,S,20150630,39,18,22,16,15,88,327,709,762,724,767,750,839,876,840,900,975,913,702,575,414,257,143,73,06/30/2015
000240,P,20150701,28,13,11,14,39,104,296,535,733,708,720,763,772,813,791,804,881,941,618,460,283,333,168,86,07/01/2015
000240,S,20150701,55,22,15,18,21,87,327,704,721,694,771,854,917,913,951,1060,978,1024,806,578,436,364,164,110,07/01/2015
000240,P,20150702,27,23,11,16,32,104,288,526,681,773,797,783,845,832,897,959,1029,1082,658,470,350,225,156,75,07/02/2015
000240,S,20150702,63,33,28,17,26,94,345,681,812,778,836,875,1007,981,1014,1156,1096,1056,903,786,653,507,287,142,07/02/2015
000240,P,20150703,42,22,19,17,41,76,214,462,612,844,1002,926,1052,1074,1029,1153,956,929,825,443,388,403,215,109,07/03/2015
000240,S,20150703,85,54,50,20,46,127,294,612,803,874,1018,1178,1119,1116,1202,1281,1094,1039,838,689,558,416,233,204,07/03/2015
000240,P,20150704,60,41,19,30,28,59,169,274,388,468,688,895,807,803,810,914,995,864,718,425,346,187,651,171,07/04/2015
000240,S,20150704,93,64,35,19,31,101,268,617,1005,1168,731,775,857,969,998,826,700,569,505,391,358,296,461,147,07/04/2015
000240,P,20150705,68,29,26,28,58,117,298,523,830,1216,1117,855,747,760,745,714,625,544,502,529,394,332,145,73,07/05/2015
000240,S,20150705,70,41,25,21,31,60,132,309,450,655,923,1027,1096,1148,1053,1065,843,697,533,385,276,215,91,70,07/05/2015
000240,P,20150706,27,12,14,21,51,156,379,574,812,844,960,978,842,796,834,938,884,889,590,392,295,196,136,74,07/06/2015
000240,S,20150706,41,24,13,14,18,101,337,643,796,749,802,887,897,877,873,911,959,969,654,490,346,294,120,76,07/06/2015
000240,P,20150707,28,21,21,13,32,127,277,515,682,687,768,768,880,787,711,840,929,1071,576,339,257,190,132,68,07/07/2015
000240,S,20150707,52,24,17,17,22,92,355,704,780,658,728,820,917,824,835,834,961,984,693,486,377,281,154,72,07/07/2015
000240,P,20150708,23,18,9,19,20,109,270,553,707,716,741,816,824,851,816,765,885,937,534,375,316,284,140,82,07/08/2015
000240,S,20150708,48,27,14,13,10,72,336,637,829,755,761,886,838,902,923,902,958,1088,739,463,334,313,149,80,07/08/2015
000240,P,20150709,28,24,11,20,34,108,274,562,725,675,761,684,773,761,798,835,878,1082,619,355,309,262,123,71,07/09/2015
000240,S,20150709,57,32,18,21,25,85,365,724,806,710,717,809,863,893,957,965,967,1043,782,504,438,288,157,91,07/09/2015
000240,P,20150710,35,20,22,12,34,114,312,532,774,825,851,861,896,927,823,851,929,1056,650,420,355,270,158,89,07/10/2015
000240,S,20150710,81,63,26,12,25,105,321,656,778,725,728,927,946,970,1098,1142,1109,1036,803,702,586,482,230,121,07/10/2015
000240,P,20150711,42,40,32,24,49,88,182,352,569,730,872,871,820,892,906,906,801,749,574,409,328,322,185,101,07/11/2015
000240,S,20150711,94,60,34,14,40,115,240,455,650,708,850,793,878,915,1071,1064,986,871,645,581,429,365,223,127,07/11/2015
000240,P,20150712,66,28,16,24,57,66,170,318,534,740,1000,912,841,801,760,715,728,669,521,406,304,245,164,68,07/12/2015
000240,S,20150712,83,38,21,24,33,80,179,346,474,582,689,871,872,904,932,831,851,823,595,525,348,298,182,105,07/12/2015
000240,P,20150713,36,23,16,13,51,140,325,550,820,954,762,777,803,706,788,877,1013,907,472,350,238,201,102,74,07/13/2015
000240,S,20150713,49,34,19,18,30,90,334,657,779,766,808,905,914,927,935,944,993,914,641,435,337,249,134,61,07/13/2015
000240,P,20150714,32,17,13,19,32,121,288,543,783,745,763,825,826,867,817,840,976,952,533,349,268,214,134,77,07/14/2015
000240,S,20150714,45,24,9,16,25,112,360,712,855,758,758,848,924,923,913,880,967,875,690,495,364,232,149,79,07/14/2015
000240,P,20150715,29,15,3,12,39,117,269,603,781,759,827,767,756,822,748,900,1052,949,557,480,327,267,137,72,07/15/2015
000240,S,20150715,53,28,10,17,23,98,376,712,783,814,758,820,975,886,881,971,1008,1036,795,552,462,364,190,102,07/15/2015
000240,P,20150716,47,15,7,19,35,116,277,597,750,749,811,791,844,848,833,870,942,1020,620,437,352,271,181,74,07/16/2015
000240,S,20150716,61,29,21,13,30,100,332,715,861,740,766,957,901,952,933,1051,986,993,819,663,500,371,195,110,07/16/2015
000240,P,20150717,44,25,18,21,35,116,303,551,738,829,896,848,932,943,878,927,1020,897,680,480,382,444,208,113,07/17/2015
000240,S,20150717,56,33,28,11,33,117,326,691,777,745,873,936,946,1057,1148,1129,1109,1060,874,688,639,526,308,136,07/17/2015
000240,P,20150718,58,35,23,29,41,105,225,366,642,809,960,917,1017,837,948,1009,765,731,670,390,338,336,180,101,07/18/2015
000240,S,20150718,81,45,30,21,50,122,279,537,684,673,850,899,942,993,1070,1183,979,876,604,509,398,408,242,121,07/18/2015
000240,P,20150719,41,35,32,31,43,87,228,329,550,839,1090,988,991,871,604,634,636,607,504,395,319,203,121,61,07/19/2015
000240,S,20150719,69,27,27,19,41,95,139,304,475,563,774,828,929,913,967,949,819,753,555,435,305,248,115,70,07/19/2015
000240,P,20150720,29,12,14,16,47,137,350,613,756,764,862,784,864,838,877,882,1030,942,511,289,435,184,108,66,07/20/2015
000240,S,20150720,48,22,16,10,27,94,342,661,785,762,790,918,986,944,980,943,967,992,670,434,375,280,181,94,07/20/2015
000240,P,20150721,21,16,18,12,36,88,320,547,794,721,809,786,873,857,807,789,873,996,595,362,337,274,136,70,07/21/2015
000240,S,20150721,46,34,18,10,22,85,315,699,846,712,785,875,1024,902,913,899,950,984,754,568,401,295,147,84,07/21/2015
000240,P,20150722,29,18,12,15,36,110,276,619,775,787,783,799,812,860,809,936,963,1023,700,462,360,348,142,85,07/22/2015
000240,S,20150722,44,20,19,16,19,102,333,774,849,767,843,880,967,931,980,1026,1039,1055,821,638,556,364,192,107,07/22/2015
000240,P,20150723,19,21,20,19,23,115,306,537,769,796,822,929,872,834,903,911,1050,1086,720,469,293,352,170,103,07/23/2015
000240,S,20150723,66,32,15,8,26,101,362,694,864,828,835,956,891,975,997,1069,1105,1102,803,733,520,338,200,108,07/23/2015
000240,P,20150724,34,22,31,20,42,103,292,563,785,811,914,842,1035,1075,1108,1057,1110,821,632,460,342,271,239,106,07/24/2015
000240,S,20150724,72,36,33,16,26,118,329,703,819,813,872,1020,1324,1146,1195,1230,1106,1036,832,621,536,419,225,123,07/24/2015
000240,P,20150725,56,25,20,29,51,86,229,391,656,867,950,832,936,912,1015,1032,960,851,900,496,417,382,182,128,07/25/2015
000240,S,20150725,84,43,36,18,52,112,279,457,740,887,1001,1100,1114,1113,1130,1057,1107,970,711,523,439,351,227,125,07/25/2015
000240,P,20150726,46,34,30,32,42,65,190,332,557,935,1017,953,902,843,797,711,708,695,574,477,290,238,142,96,07/26/2015
000240,S,20150726,68,43,30,24,35,74,168,363,467,622,797,864,889,1070,1043,1009,872,791,587,550,341,270,140,97,07/26/2015
000240,P,20150727,35,18,15,23,53,121,334,594,745,782,925,890,868,899,894,849,549,988,676,429,325,263,144,75,07/27/2015
000240,S,20150727,62,35,25,16,16,96,342,667,778,791,900,910,979,953,948,970,1068,1029,764,553,427,288,156,85,07/27/2015
000240,P,20150728,36,19,12,10,31,95,312,592,790,740,845,797,791,810,790,842,992,1092,702,442,344,293,132,86,07/28/2015
000240,S,20150728,44,31,18,15,23,104,346,726,860,781,779,938,880,953,917,1058,1078,1084,860,641,475,318,167,96,07/28/2015
000240,P,20150729,32,11,12,16,34,109,298,574,752,764,802,766,783,790,827,933,946,1068,749,504,395,337,181,83,07/29/2015
000240,S,20150729,70,22,21,17,27,100,380,748,847,719,811,903,877,920,986,955,1054,1094,837,605,492,363,162,124,07/29/2015
000240,P,20150730,36,18,17,25,40,113,285,552,818,759,834,872,909,903,874,1019,818,694,451,328,342,332,195,102,07/30/2015
000240,S,20150730,55,23,23,28,26,107,351,754,849,842,880,915,1012,969,978,1063,1077,1121,789,741,574,397,194,140,07/30/2015
000240,P,20150731,41,26,16,24,42,102,247,562,800,872,1024,976,897,975,936,1054,1068,966,696,482,347,410,204,137,07/31/2015
000240,S,20150731,54,34,20,15,33,110,328,639,819,776,863,1053,1006,1088,1071,1119,1169,1176,926,735,639,442,238,151,07/31/2015
