,skiers,freezing_fog,heavy_snow,light_snow,mist,thunderstorm_haze,thunderstorm_snow,clear_sky,broken_sky,scattered_sky,overcast,snowfall,high_temp_C,low_temp_C,max_windspeed,mean_windspeed,max_rh,mean_rh,mean_visibility,is_weekend,vet_day,thanksgiv,xmas,new_years,mlk_day,pres_day,xmas_weekend,vet_weekend,thanksgiv_weekend,new_years_weekend,pres_day_weekend,mlk_weekend,spring_break,spring_break_ends,is_fri,is_mon,is_midweek,xmas_fri,vet_fri,thanksgiv_fri,new_years_fri,pres_day_fri,mlk_fri,xmas_mon,vet_mon,thanksgiv_mon,new_years_mon,pres_day_mon,mlk_mon,xmas_midweek,vet_midweek,thanksgiv_midweek,new_years_midweek,pres_day_midweek,mlk_midweek
2014-10-31,0.971231599714,,,,,,,,,,,,,,,,,,,0,0,0,0,0,0,0,0,0,0,0,0,0,0,0,1,0,0,0,0,0,0,0,0,0,0,0,0,0,0,0,0,0,0,0,0
2014-11-01,1.16916859974,0.0,0.0,0.0,0.0,0.0277777777778,0.0,0.847222222222,0.0138888888889,0.138888888889,0.0,0.0,5.0,-1.0,37.0,18.2702702703,96.0,88.4305555556,10.0,1,0,0,0,0,0,0,0,0,0,0,0,0,0,0,0,0,0,0,0,0,0,0,0,0,0,0,0,0,0,0,0,0,0,0,0
2014-11-02,1.31446484705,0.0434782608696,0.0144927536232,0.0289855072464,0.0724637681159,0.0289855072464,0.0,0.507246376812,0.0869565217391,0.289855072464,0.115942028986,0.06,-1.0,-6.0,36.0,15.4444444444,96.0,86.6231884058,8.6231884058,1,0,0,0,0,0,0,0,0,0,0,0,0,0,0,0,0,0,0,0,0,0,0,0,0,0,0,0,0,0,0,0,0,0,0,0
2014-11-03,1.06194463113,0.370967741935,0.0483870967742,0.0967741935484,0.0806451612903,0.0,0.0322580645161,0.0967741935484,0.0967741935484,0.0806451612903,0.725806451613,0.14,-6.0,-11.0,33.0,16.1632653061,92.0,85.9193548387,2.28125,0,0,0,0,0,0,0,0,0,0,0,0,0,0,0,0,1,0,0,0,0,0,0,0,0,0,0,0,0,0,0,0,0,0,0,0
2014-11-04,1.01357729746,0.0,0.0,0.0,0.0138888888889,0.0,0.0,0.597222222222,0.0,0.0,0.291666666667,0.45,-5.0,-13.0,44.0,19.0142857143,96.0,83.9861111111,9.425,0,0,0,0,0,0,0,0,0,0,0,0,0,0,0,0,0,1,0,0,0,0,0,0,0,0,0,0,0,0,0,0,0,0,0,0
2014-11-05,0.995123897067,0.0555555555556,0.0,0.0138888888889,0.0555555555556,0.0,0.0,0.694444444444,0.0416666666667,0.0555555555556,0.208333333333,0.0,-1.0,-10.0,43.0,19.6285714286,92.0,84.7083333333,9.01388888889,0,1,0,0,0,0,0,0,0,0,0,0,0,0,0,0,0,1,0,0,0,0,0,0,0,0,0,0,0,0,0,1,0,0,0,0
2014-11-06,0.994152665467,0.0,0.0,0.0,0.0,0.0,0.0,1.0,0.0,0.0,0.0,0.0,2.0,-5.0,36.0,21.652173913,92.0,86.5277777778,10.0,0,2,0,0,0,0,0,0,0,0,0,0,0,0,0,0,0,1,0,0,0,0,0,0,0,0,0,0,0,0,0,2,0,0,0,0
2014-11-07,1.0314479589,0.0,0.0,0.0281690140845,0.0140845070423,0.0,0.0,0.577464788732,0.0845070422535,0.323943661972,0.0140845070423,0.0,0.0,-6.0,56.0,38.6666666667,96.0,86.9014084507,9.78521126761,0,3,0,0,0,0,0,0,0,0,0,0,0,0,0,1,0,0,0,3,0,0,0,0,0,0,0,0,0,0,0,0,0,0,0,0
2014-11-08,1.30572376266,0.228571428571,0.0,0.0,0.0857142857143,0.0,0.0,0.657142857143,0.0,0.0428571428571,0.285714285714,0.0,1.0,-8.0,49.0,27.2769230769,96.0,86.8142857143,6.975,1,4,0,0,0,0,0,0,4,0,0,0,0,0,0,0,0,0,0,0,0,0,0,0,0,0,0,0,0,0,0,0,0,0,0,0
2014-11-09,1.3626379344,0.0,0.0,0.0,0.0,0.0,0.0,1.0,0.0,0.0,0.0,0.0,2.0,-3.0,55.0,38.014084507,92.0,86.75,10.0,1,5,0,0,0,0,0,0,5,0,0,0,0,0,0,0,0,0,0,0,0,0,0,0,0,0,0,0,0,0,0,0,0,0,0,0
2014-11-10,0.974145294513,0.0,0.0615384615385,0.0461538461538,0.0153846153846,0.0,0.0,0.153846153846,0.2,0.292307692308,0.353846153846,0.04,-1.0,-15.0,66.0,33.7173913043,89.0,82.1076923077,8.11805555556,0,6,0,0,0,0,0,0,0,0,0,0,0,0,0,0,1,0,0,0,0,0,0,0,0,6,0,0,0,0,0,0,0,0,0,0
2014-11-11,0.95122422876,0.0294117647059,0.0,0.102941176471,0.294117647059,0.0,0.0,0.220588235294,0.0588235294118,0.485294117647,0.0441176470588,0.0,-8.0,-16.0,47.0,27.1052631579,88.0,82.9705882353,4.66477272727,0,7,0,0,0,0,0,0,0,0,0,0,0,0,0,0,0,1,0,0,0,0,0,0,0,0,0,0,0,0,0,7,0,0,0,0
2014-11-12,0.98580007371,0.08,0.04,0.16,0.2,0.0,0.0,0.0,0.16,0.2,0.62,0.0,-12.0,-20.0,33.0,20.45,87.0,81.86,1.61458333333,0,6,0,0,0,0,0,0,0,0,0,0,0,0,0,0,0,1,0,0,0,0,0,0,0,0,0,0,0,0,0,6,0,0,0,0
2014-11-13,1.03261343682,0.0,0.0,0.205128205128,0.410256410256,0.0,0.0,0.307692307692,0.230769230769,0.333333333333,0.128205128205,0.0,-9.0,-18.0,39.0,29.3157894737,88.0,81.5897435897,5.17307692308,0,5,0,0,0,0,0,0,0,0,0,0,0,0,0,0,0,1,0,0,0,0,0,0,0,0,0,0,0,0,0,5,0,0,0,0
2014-11-14,1.06757777441,0.02,0.14,0.44,0.14,0.0,0.0,0.0,0.14,0.5,0.36,0.0,-8.0,-11.0,37.0,24.0,88.0,84.56,3.68367346939,0,4,0,0,0,0,0,0,0,0,0,0,0,0,0,1,0,0,0,4,0,0,0,0,0,0,0,0,0,0,0,0,0,0,0,0
2014-11-15,1.35176014048,0.0,0.14,0.34,0.0,0.0,0.0,0.0,0.24,0.08,0.56,0.0,-10.0,-21.0,38.0,25.2,88.0,83.44,0.947916666667,1,3,0,0,0,0,0,0,3,0,0,0,0,0,0,0,0,0,0,0,0,0,0,0,0,0,0,0,0,0,0,0,0,0,0,0
2014-11-16,1.40401240055,0.015873015873,0.0,0.047619047619,0.0,0.0,0.0,0.0793650793651,0.222222222222,0.111111111111,0.428571428571,0.0,-20.0,-24.0,41.0,23.1481481481,87.0,80.7142857143,0.8125,1,2,0,0,0,0,0,0,2,0,0,0,0,0,0,0,0,0,0,0,0,0,0,0,0,0,0,0,0,0,0,0,0,0,0,0
2014-11-17,1.03475014634,0.0,0.0,0.127272727273,0.727272727273,0.0,0.0,0.690909090909,0.0181818181818,0.0363636363636,0.0545454545455,0.0,-17.0,-21.0,51.0,37.0638297872,87.0,81.3090909091,3.48636363636,0,1,0,0,0,0,0,0,0,0,0,0,0,0,0,0,1,0,0,0,0,0,0,0,0,1,0,0,0,0,0,0,0,0,0,0
2014-11-18,0.991433216988,0.0140845070423,0.0,0.0,0.30985915493,0.0,0.0,0.492957746479,0.169014084507,0.225352112676,0.056338028169,0.0,-12.0,-20.0,55.0,39.7575757576,87.0,79.1267605634,6.90517241379,0,0,0,0,0,0,0,0,0,0,0,0,0,0,0,0,0,1,0,0,0,0,0,0,0,0,0,0,0,0,0,0,0,0,0,0
2014-11-19,0.988908014829,0.0,0.0,0.0,0.0,0.0,0.0,0.441176470588,0.102941176471,0.323529411765,0.132352941176,0.0,-7.0,-12.0,49.0,38.7333333333,88.0,83.2941176471,9.73529411765,0,0,0,0,0,0,0,0,0,0,0,0,0,0,0,0,0,1,0,0,0,0,0,0,0,0,0,0,0,0,0,0,0,0,0,0
2014-11-20,0.991238970668,0.0,0.0,0.0138888888889,0.0138888888889,0.0,0.0,0.194444444444,0.208333333333,0.416666666667,0.180555555556,0.0,-7.0,-12.0,32.0,18.6338028169,88.0,82.625,9.81944444444,0,0,0,0,0,0,0,0,0,0,0,0,0,0,0,0,0,1,0,0,0,0,0,0,0,0,0,0,0,0,0,0,0,0,0,0
2014-11-21,1.02406659874,0.0,0.0,0.0140845070423,0.0,0.0,0.0,0.492957746479,0.056338028169,0.183098591549,0.267605633803,0.0,-7.0,-12.0,25.0,17.0857142857,88.0,82.2112676056,10.0,0,0,1,0,0,0,0,0,0,0,0,0,0,0,0,1,0,0,0,0,1,0,0,0,0,0,0,0,0,0,0,0,0,0,0,0
2014-11-22,1.2808602337,0.0,0.0327868852459,0.16393442623,0.0491803278689,0.0,0.0,0.655737704918,0.0491803278689,0.245901639344,0.0491803278689,0.0,-6.0,-12.0,48.0,31.6724137931,88.0,82.9836065574,7.85655737705,1,0,2,0,0,0,0,0,0,2,0,0,0,0,0,0,0,0,0,0,0,0,0,0,0,0,0,0,0,0,0,0,0,0,0,0
2014-11-23,1.42945866846,0.0,0.422222222222,0.111111111111,0.0,0.0,0.0222222222222,0.0222222222222,0.177777777778,0.0444444444444,0.755555555556,0.05,-10.0,-18.0,44.0,25.1,88.0,82.5454545455,0.221153846154,1,0,3,0,0,0,0,0,0,3,0,0,0,0,0,0,0,0,0,0,0,0,0,0,0,0,0,0,0,0,0,0,0,0,0,0
2014-11-24,1.25133479307,0.0,0.263157894737,0.184210526316,0.0,0.0,0.0,0.0,0.421052631579,0.0526315789474,0.5,0.0,-16.0,-19.0,38.0,29.7407407407,83.0,77.7368421053,0.171875,0,0,4,0,0,0,0,0,0,0,0,0,0,0,0,0,1,0,0,0,0,0,0,0,0,0,4,0,0,0,0,0,0,0,0,0
2014-11-25,1.25385999523,0.0,0.0,0.0,0.0,0.0,0.0,0.0,0.375,0.0,0.375,0.0,-18.0,-19.0,39.0,35.6666666667,83.0,81.0,,0,0,5,0,0,0,0,0,0,0,0,0,0,0,0,0,0,1,0,0,0,0,0,0,0,0,0,0,0,0,0,0,5,0,0,0
2014-11-26,1.31737854185,,,,,,,,,,,,,,,,,,,0,0,6,0,0,0,0,0,0,0,0,0,0,0,0,0,0,1,0,0,0,0,0,0,0,0,0,0,0,0,0,0,6,0,0,0
2014-11-27,1.66954711991,,,,,,,,,,,,,,,,,,,0,0,7,0,0,0,0,0,0,0,0,0,0,0,0,0,0,1,0,0,0,0,0,0,0,0,0,0,0,0,0,0,7,0,0,0
2014-11-28,1.84339757626,,,,,,,,,,,,,,,,,,,0,0,6,0,0,0,0,0,0,0,0,0,0,0,0,1,0,0,0,0,6,0,0,0,0,0,0,0,0,0,0,0,0,0,0,0
2014-11-29,2.07649316019,,,,,,,,,,,,,,,,,,,1,0,5,0,0,0,0,0,0,5,0,0,0,0,0,0,0,0,0,0,0,0,0,0,0,0,0,0,0,0,0,0,0,0,0,0
2014-11-30,1.72665553797,,,,,,,,,,,,,,,,,,,1,0,4,0,0,0,0,0,0,4,0,0,0,0,0,0,0,0,0,0,0,0,0,0,0,0,0,0,0,0,0,0,0,0,0,0
2014-12-01,1.0899161012,,,,,,,,,,,,,,,,,,,0,0,3,0,0,0,0,0,0,0,0,0,0,0,0,0,1,0,0,0,0,0,0,0,0,0,3,0,0,0,0,0,0,0,0,0
2014-12-02,1.0061959373,0.0,0.0,0.0,0.0,0.0,0.0,0.972222222222,0.0,0.0,0.0,0.0,-3.0,-8.0,38.0,29.7083333333,88.0,83.0,10.0,0,0,2,0,0,0,0,0,0,0,0,0,0,0,0,0,0,1,0,0,0,0,0,0,0,0,0,0,0,0,0,0,2,0,0,0
2014-12-03,1.00503045938,0.0142857142857,0.0,0.0,0.0142857142857,0.0,0.0,0.257142857143,0.257142857143,0.385714285714,0.1,0.0,-2.0,-10.0,31.0,15.225,88.0,83.2857142857,9.73928571429,0,0,1,0,0,0,0,0,0,0,0,0,0,0,0,0,0,1,0,0,0,0,0,0,0,0,0,0,0,0,0,0,1,0,0,0
2014-12-04,1.01454852906,0.212121212121,0.0,0.0,0.363636363636,0.0,0.0,0.0757575757576,0.242424242424,0.121212121212,0.545454545455,0.03,-5.0,-9.0,28.0,13.9615384615,88.0,82.8181818182,3.33333333333,0,0,0,0,0,0,0,0,0,0,0,0,0,0,0,0,0,1,0,0,0,0,0,0,0,0,0,0,0,0,0,0,0,0,0,0
2014-12-05,1.06485832593,0.0,0.0,0.0,0.0,0.0,0.0,0.140845070423,0.352112676056,0.0845070422535,0.267605633803,0.03,-7.0,-9.0,30.0,14.3333333333,84.0,79.4788732394,,0,0,0,0,0,0,0,0,0,0,0,0,0,0,0,1,0,0,0,0,0,0,0,0,0,0,0,0,0,0,0,0,0,0,0,0
2014-12-06,1.4395594771,0.0277777777778,0.0,0.0555555555556,0.0138888888889,0.0,0.0,0.527777777778,0.0972222222222,0.305555555556,0.0694444444444,0.21,-3.0,-9.0,23.0,15.7073170732,88.0,81.5915492958,9.51785714286,1,0,0,0,0,0,0,0,0,0,0,0,0,0,0,0,0,0,0,0,0,0,0,0,0,0,0,0,0,0,0,0,0,0,0,0
2014-12-07,1.54794892362,0.101449275362,0.0,0.0,0.159420289855,0.0,0.0,0.333333333333,0.231884057971,0.0579710144928,0.36231884058,0.0,-6.0,-10.0,37.0,23.0454545455,88.0,78.884057971,5.46794871795,1,0,0,0,0,0,0,0,0,0,0,0,0,0,0,0,0,0,0,0,0,0,0,0,0,0,0,0,0,0,0,0,0,0,0,0
2014-12-08,1.11458538383,0.0,0.0,0.0149253731343,0.0298507462687,0.0,0.0,0.925373134328,0.0,0.044776119403,0.0,0.0,-1.0,-9.0,30.0,19.1428571429,89.0,80.671641791,9.63805970149,0,0,0,0,0,0,0,0,0,0,0,0,0,0,0,0,1,0,0,0,0,0,0,0,0,0,0,0,0,0,0,0,0,0,0,0
2014-12-09,1.06388709433,0.0,0.0,0.0,0.0,0.0,0.0,0.985714285714,0.0,0.0142857142857,0.0,0.0,0.0,-5.0,33.0,21.7727272727,89.0,81.1304347826,10.0,0,0,0,0,0,0,0,0,0,0,0,0,0,0,0,0,0,1,0,0,0,0,0,0,0,0,0,0,0,0,0,0,0,0,0,0
2014-12-10,1.04990135929,0.0,0.0,0.0,0.0,0.0,0.0,0.986111111111,0.0,0.0,0.0,0.0,-1.0,-6.0,25.0,15.4347826087,89.0,81.4444444444,10.0,0,0,0,0,0,0,0,0,0,0,0,0,0,0,0,0,0,1,0,0,0,0,0,0,0,0,0,0,0,0,0,0,0,0,0,0
2014-12-11,1.05164957617,0.0,0.0,0.0,0.0,0.0,0.0,1.0,0.0,0.0,0.0,0.0,-1.0,-5.0,23.0,16.9516129032,89.0,81.4027777778,10.0,0,0,0,0,0,0,0,0,0,0,0,0,0,0,0,0,0,1,0,0,0,0,0,0,0,0,0,0,0,0,0,0,0,0,0,0
2014-12-12,1.08933336224,0.0,0.0,0.0,0.0,0.0,0.0,0.763888888889,0.0833333333333,0.0972222222222,0.0555555555556,0.0,3.0,-3.0,20.0,10.5087719298,92.0,85.0416666667,10.0,0,0,0,0,0,0,0,0,0,0,0,0,0,0,0,1,0,0,0,0,0,0,0,0,0,0,0,0,0,0,0,0,0,0,0,0
2014-12-13,1.4317896243,0.0,0.0,0.0416666666667,0.0,0.0,0.0,0.402777777778,0.208333333333,0.138888888889,0.25,0.0,0.0,-9.0,16.0,7.5,89.0,81.5,9.70486111111,1,0,0,0,0,0,0,0,0,0,0,0,0,0,0,0,0,0,0,0,0,0,0,0,0,0,0,0,0,0,0,0,0,0,0,0
2014-12-14,1.51589828083,0.0,0.0,0.266666666667,0.0,0.0,0.0,0.0,0.155555555556,0.0,0.844444444444,0.27,-9.0,-15.0,8.0,7.5,88.0,79.0888888889,0.25,1,0,0,0,0,0,0,0,0,0,0,0,0,0,0,0,0,0,0,0,0,0,0,0,0,0,0,0,0,0,0,0,0,0,0,0
2014-12-15,1.18548529061,0.0,0.0,0.0,0.0,0.0,0.0,0.263888888889,0.291666666667,0.0277777777778,0.416666666667,0.03,-13.0,-17.0,22.0,22.0,87.0,80.1805555556,10.0,0,0,0,0,0,0,0,0,0,0,0,0,0,0,0,0,1,0,0,0,0,0,0,0,0,0,0,0,0,0,0,0,0,0,0,0
2014-12-16,1.11361415223,0.0,0.0,0.185714285714,0.1,0.0,0.0,0.457142857143,0.0571428571429,0.414285714286,0.0714285714286,0.0,-5.0,-13.0,13.0,8.6,88.0,79.2428571429,8.05714285714,0,0,0,0,0,0,0,0,0,0,0,0,0,0,0,0,0,1,0,0,0,0,0,0,0,0,0,0,0,0,0,0,0,0,0,0
2014-12-17,1.12235523663,0.0,0.0294117647059,0.397058823529,0.0441176470588,0.0,0.0,0.176470588235,0.0441176470588,0.367647058824,0.411764705882,0.1,-8.0,-12.0,,,88.0,81.5147058824,5.99038461538,0,0,0,0,0,0,0,0,0,0,0,0,0,0,0,0,0,1,0,0,0,0,0,0,0,0,0,0,0,0,0,0,0,0,0,0
2014-12-18,,0.0,0.0,0.0,0.0,0.0,0.0,0.0,0.0694444444444,0.0,0.930555555556,0.18,-11.0,-15.0,13.0,9.5,83.0,76.75,,0,0,0,0,0,0,0,0,0,0,0,0,0,0,0,0,0,0,0,0,0,0,0,0,0,0,0,0,0,0,0,0,0,0,0,0
2014-12-19,1.1396431591,0.0,0.0,0.0,0.0,0.0,0.0,0.0277777777778,0.236111111111,0.0833333333333,0.652777777778,0.0,-12.0,-16.0,,,87.0,80.2222222222,,0,0,0,1,0,0,0,0,0,0,0,0,0,0,0,1,0,0,1,0,0,0,0,0,0,0,0,0,0,0,0,0,0,0,0,0
2014-12-20,1.56679081666,0.0,0.0,0.0,0.0,0.0,0.0,0.0277777777778,0.402777777778,0.305555555556,0.263888888889,0.0,-10.0,-13.0,,,88.0,79.7083333333,,1,0,0,2,0,0,0,2,0,0,0,0,0,0,0,0,0,0,0,0,0,0,0,0,0,0,0,0,0,0,0,0,0,0,0,0
2014-12-21,1.87836191385,0.0,0.430555555556,0.0,0.0,0.0,0.0,0.0,0.236111111111,0.0694444444444,0.694444444444,0.0,-8.0,-12.0,,,88.0,78.75,0.121428571429,1,0,0,3,0,0,0,3,0,0,0,0,0,0,0,0,0,0,0,0,0,0,0,0,0,0,0,0,0,0,0,0,0,0,0,0
2014-12-22,1.73811607085,0.0,0.980769230769,0.0,0.0,0.0,0.0,0.0192307692308,0.0,0.0,0.980769230769,0.0,-12.0,-17.0,,,83.0,76.3333333333,0.115384615385,0,0,0,4,0,0,0,0,0,0,0,0,0,0,0,0,1,0,0,0,0,0,0,0,4,0,0,0,0,0,0,0,0,0,0,0
2014-12-23,1.75540399332,,,,,,,,,,,,,,,,,,,0,0,0,5,0,0,0,0,0,0,0,0,0,0,0,0,0,1,0,0,0,0,0,0,0,0,0,0,0,0,5,0,0,0,0,0
2014-12-24,1.78628915819,0.0,0.0,0.0,0.189189189189,0.0,0.0,0.864864864865,0.0,0.0810810810811,0.0,0.03,-8.0,-11.0,47.0,46.0,88.0,79.4864864865,8.06060606061,0,0,0,6,0,0,0,0,0,0,0,0,0,0,0,0,0,1,0,0,0,0,0,0,0,0,0,0,0,0,6,0,0,0,0,0
2014-12-25,1.92711774015,0.0,0.0877192982456,0.228070175439,0.122807017544,0.0,0.0,0.245614035088,0.0877192982456,0.385964912281,0.280701754386,0.06,-8.0,-20.0,,,88.0,79.3333333333,5.9298245614,0,0,0,7,0,0,0,0,0,0,0,0,0,0,0,0,0,1,0,0,0,0,0,0,0,0,0,0,0,0,7,0,0,0,0,0
2014-12-26,2.13243610033,0.0,0.0,0.363636363636,0.272727272727,0.0,0.0,0.0,0.242424242424,0.30303030303,0.454545454545,0.02,-17.0,-22.0,,,87.0,76.696969697,2.70192307692,0,0,0,6,1,0,0,0,0,0,0,0,0,0,0,1,0,0,6,0,0,1,0,0,0,0,0,0,0,0,0,0,0,0,0,0
2014-12-27,2.47197866759,0.0,0.0,0.0,0.114285714286,0.0,0.0,0.142857142857,0.214285714286,0.0857142857143,0.557142857143,0.0,-20.0,-23.0,45.0,45.0,87.0,75.4857142857,4.5,1,0,0,5,2,0,0,5,0,0,2,0,0,0,0,0,0,0,0,0,0,0,0,0,0,0,0,0,0,0,0,0,0,0,0,0
2014-12-28,2.50461204934,,,,,,,,,,,,,,,,,,,1,0,0,4,3,0,0,4,0,0,3,0,0,0,0,0,0,0,0,0,0,0,0,0,0,0,0,0,0,0,0,0,0,0,0,0
2014-12-29,2.24762416806,,,,,,,,,,,,,,,,,,,0,0,0,3,4,0,0,0,0,0,0,0,0,0,0,0,1,0,0,0,0,0,0,0,3,0,0,4,0,0,0,0,0,0,0,0
2014-12-30,2.14972402281,,,,,,,,,,,,,,,,,,,0,0,0,2,5,0,0,0,0,0,0,0,0,0,0,0,0,1,0,0,0,0,0,0,0,0,0,0,0,0,2,0,0,5,0,0
2014-12-31,2.18876753312,,,,,,,,,,,,,,,,,,,0,0,0,1,6,0,0,0,0,0,0,0,0,0,0,0,0,1,0,0,0,0,0,0,0,0,0,0,0,0,1,0,0,6,0,0
2015-01-01,2.54210158909,,,,,,,,,,,,,,,,,,,0,0,0,0,7,0,0,0,0,0,0,0,0,0,0,0,0,1,0,0,0,0,0,0,0,0,0,0,0,0,0,0,0,7,0,0
2015-01-02,2.36611442322,,,,,,,,,,,,,,,,,,,0,0,0,0,6,0,0,0,0,0,0,0,0,0,0,1,0,0,0,0,0,6,0,0,0,0,0,0,0,0,0,0,0,0,0,0
2015-01-03,2.17342207384,,,,,,,,,,,,,,,,,,,1,0,0,0,5,0,0,0,0,0,5,0,0,0,0,0,0,0,0,0,0,0,0,0,0,0,0,0,0,0,0,0,0,0,0,0
2015-01-04,1.67051835151,,,,,,,,,,,,,,,,,,,1,0,0,0,4,0,0,0,0,0,4,0,0,0,0,0,0,0,0,0,0,0,0,0,0,0,0,0,0,0,0,0,0,0,0,0
2015-01-05,0.957245864678,,,,,,,,,,,,,,,,,,,0,0,0,0,3,0,0,0,0,0,0,0,0,0,0,0,1,0,0,0,0,0,0,0,0,0,0,3,0,0,0,0,0,0,0,0
2015-01-06,0.74784833178,,,,,,,,,,,,,,,,,,,0,0,0,0,2,0,0,0,0,0,0,0,0,0,0,0,0,1,0,0,0,0,0,0,0,0,0,0,0,0,0,0,0,2,0,0
2015-01-07,0.702394692913,0.0,0.0,0.0,0.0357142857143,0.0,0.0,1.0,0.0,0.0,0.0,0.14,-4.0,-8.0,45.0,22.5555555556,88.0,80.5,9.82142857143,0,0,0,0,1,0,0,0,0,0,0,0,0,0,0,0,0,1,0,0,0,0,0,0,0,0,0,0,0,0,0,0,0,1,0,0
2015-01-08,0.693847854836,0.0,0.0,0.0144927536232,0.0,0.0,0.0,0.753623188406,0.0434782608696,0.101449275362,0.101449275362,0.09,-3.0,-8.0,57.0,34.9782608696,88.0,79.231884058,9.75362318841,0,0,0,0,0,0,0,0,0,0,0,0,0,0,0,0,0,1,0,0,0,0,0,0,0,0,0,0,0,0,0,0,0,0,0,0
2015-01-09,0.729977670345,0.0,0.0,0.0,0.044776119403,0.0,0.0,0.925373134328,0.0149253731343,0.044776119403,0.0149253731343,0.0,-6.0,-10.0,37.0,31.5084745763,84.0,79.0746268657,9.62686567164,0,0,0,0,0,0,0,0,0,0,0,0,0,0,0,1,0,0,0,0,0,0,0,0,0,0,0,0,0,0,0,0,0,0,0,0
2015-01-10,1.20860060268,0.0,0.0,0.0,0.128571428571,0.0,0.0,0.414285714286,0.114285714286,0.2,0.242857142857,0.0,-6.0,-10.0,38.0,24.8985507246,84.0,77.3571428571,8.93571428571,1,0,0,0,0,0,0,0,0,0,0,0,0,0,0,0,0,0,0,0,0,0,0,0,0,0,0,0,0,0,0,0,0,0,0,0
2015-01-11,1.15343464782,0.0,0.0,0.0,0.0,0.0140845070423,0.0,0.0,0.338028169014,0.12676056338,0.535211267606,0.18,-8.0,-11.0,29.0,18.6333333333,88.0,77.6056338028,,1,0,0,0,0,0,0,0,0,0,0,0,0,0,0,0,0,0,0,0,0,0,0,0,0,0,0,0,0,0,0,0,0,0,0,0
2015-01-12,0.466579660503,0.0,0.0,0.0289855072464,0.0,0.0,0.0,0.260869565217,0.115942028986,0.144927536232,0.478260869565,0.0,-8.0,-11.0,18.0,9.61764705882,88.0,81.6956521739,9.65540540541,0,0,0,0,0,0,0,0,0,0,0,0,0,0,0,0,1,0,0,0,0,0,0,0,0,0,0,0,0,0,0,0,0,0,0,0
2015-01-13,0.353528302296,0.0,0.0,0.361111111111,0.25,0.0,0.0,0.0694444444444,0.0694444444444,0.25,0.611111111111,0.0,-9.0,-12.0,25.0,10.4179104478,88.0,80.9166666667,2.86637931034,0,0,0,0,0,1,0,0,0,0,0,0,0,0,0,0,0,1,0,0,0,0,0,0,0,0,0,0,0,0,0,0,0,0,0,1
2015-01-14,,0.0,0.0,0.0,0.0416666666667,0.0,0.0,0.75,0.0555555555556,0.0833333333333,0.111111111111,0.63,-11.0,-14.0,22.0,12.0298507463,80.0,77.9583333333,9.51219512195,0,0,0,0,0,2,0,0,0,0,0,0,0,0,0,0,0,0,0,0,0,0,0,0,0,0,0,0,0,0,0,0,0,0,0,0
2015-01-15,0.343621739979,0.0,0.0,0.0,0.0,0.0,0.0,1.0,0.0,0.0,0.0,0.0,-5.0,-13.0,29.0,20.3,85.0,78.4444444444,10.0,0,0,0,0,0,3,0,0,0,0,0,0,0,0,0,0,0,1,0,0,0,0,0,0,0,0,0,0,0,0,0,0,0,0,0,3
2015-01-16,0.464831443623,0.0,0.0,0.0138888888889,0.0555555555556,0.0,0.0,0.722222222222,0.0416666666667,0.166666666667,0.0694444444444,0.0,-4.0,-10.0,52.0,39.1111111111,85.0,79.8888888889,9.06944444444,0,0,0,0,0,4,0,0,0,0,0,0,0,0,0,1,0,0,0,0,0,0,0,4,0,0,0,0,0,0,0,0,0,0,0,0
2015-01-17,1.27716955362,0.0,0.183333333333,0.0833333333333,0.116666666667,0.0,0.0,0.633333333333,0.05,0.05,0.216666666667,0.0,-7.0,-15.0,57.0,34.3953488372,88.0,79.2833333333,6.325,1,0,0,0,0,5,0,0,0,0,0,0,5,0,0,0,0,0,0,0,0,0,0,0,0,0,0,0,0,0,0,0,0,0,0,0
2015-01-18,1.61554664296,0.0,0.0,0.0,0.186046511628,0.046511627907,0.0,0.558139534884,0.046511627907,0.348837209302,0.046511627907,0.0,-5.0,-10.0,70.0,51.9024390244,85.0,77.976744186,8.46511627907,1,0,0,0,0,6,0,0,0,0,0,0,6,0,0,0,0,0,0,0,0,0,0,0,0,0,0,0,0,0,0,0,0,0,0,0
2015-01-19,1.11206018167,,,,,,,,,,,,,,,,,,,0,0,0,0,0,7,0,0,0,0,0,0,0,0,0,0,1,0,0,0,0,0,0,0,0,0,0,0,0,7,0,0,0,0,0,0
2015-01-20,0.330801482863,0.0,0.0,0.487804878049,0.0975609756098,0.0,0.0487804878049,0.0,0.292682926829,0.365853658537,0.341463414634,0.0,-13.0,-15.0,29.0,16.575,83.0,78.0,4.23333333333,0,0,0,0,0,6,0,0,0,0,0,0,0,0,0,0,0,1,0,0,0,0,0,0,0,0,0,0,0,0,0,0,0,0,0,6
2015-01-21,0.289427016715,0.0,0.0,0.464285714286,0.107142857143,0.0,0.0,0.0714285714286,0.285714285714,0.232142857143,0.392857142857,0.0,-14.0,-21.0,26.0,11.3720930233,87.0,76.8035714286,2.40277777778,0,0,0,0,0,5,0,0,0,0,0,0,0,0,0,0,0,1,0,0,0,0,0,0,0,0,0,0,0,0,0,0,0,0,0,5
2015-01-22,0.309434387669,0.0,0.0,0.0,0.0,0.0,0.0,0.986111111111,0.0,0.0138888888889,0.0,0.0,-15.0,-22.0,17.0,8.79411764706,87.0,76.8333333333,9.95833333333,0,0,0,0,0,4,0,0,0,0,0,0,0,0,0,0,0,1,0,0,0,0,0,0,0,0,0,0,0,0,0,0,0,0,0,4
2015-01-23,0.480371149218,0.0,0.0,0.0,0.0138888888889,0.0,0.0,0.291666666667,0.194444444444,0.222222222222,0.291666666667,0.0,-11.0,-16.0,28.0,14.3768115942,87.0,76.0694444444,9.80555555556,0,0,0,0,0,3,0,0,0,0,0,0,0,0,0,1,0,0,0,0,0,0,0,3,0,0,0,0,0,0,0,0,0,0,0,0
2015-01-24,1.28979556442,0.0,0.0,0.142857142857,0.30612244898,0.0,0.0,0.571428571429,0.102040816327,0.0408163265306,0.265306122449,0.0,-8.0,-15.0,47.0,30.5102040816,88.0,78.5714285714,5.60204081633,1,0,0,0,0,2,0,0,0,0,0,0,2,0,0,0,0,0,0,0,0,0,0,0,0,0,0,0,0,0,0,0,0,0,0,0
2015-01-25,1.41663841134,0.0,0.161290322581,0.0,0.0,0.0,0.0,0.354838709677,0.129032258065,0.258064516129,0.258064516129,0.02,-7.0,-10.0,40.0,23.4166666667,84.0,77.4516129032,0.15,1,0,0,0,0,1,0,0,0,0,0,0,1,0,0,0,0,0,0,0,0,0,0,0,0,0,0,0,0,0,0,0,0,0,0,0
2015-01-26,0.534954365122,0.0,0.0,0.0,0.0,0.0,0.0,1.0,0.0,0.0,0.0,0.0,1.0,-7.0,28.0,9.55223880597,89.0,81.9583333333,10.0,0,0,0,0,0,0,0,0,0,0,0,0,0,0,0,0,1,0,0,0,0,0,0,0,0,0,0,0,0,0,0,0,0,0,0,0
2015-01-27,0.34031955254,0.0,0.0,0.0,0.0,0.0,0.0,0.985915492958,0.0,0.0140845070423,0.0,0.0,1.0,-8.0,33.0,11.8695652174,89.0,82.323943662,10.0,0,0,0,0,0,0,0,0,0,0,0,0,0,0,0,0,0,1,0,0,0,0,0,0,0,0,0,0,0,0,0,0,0,0,0,0
2015-01-28,0.320312181586,0.0,0.0,0.188405797101,0.246376811594,0.0,0.0,0.0144927536232,0.31884057971,0.159420289855,0.507246376812,0.0,-7.0,-10.0,51.0,29.6666666667,84.0,75.4637681159,5.22,0,0,0,0,0,0,0,0,0,0,0,0,0,0,0,0,0,1,0,0,0,0,0,0,0,0,0,0,0,0,0,0,0,0,0,0
2015-01-29,0.344981464218,0.0,0.0,0.0,0.0,0.0,0.0,0.388888888889,0.166666666667,0.208333333333,0.236111111111,0.03,-6.0,-10.0,20.0,11.5,84.0,79.125,9.93181818182,0,0,0,0,0,0,0,0,0,0,0,0,0,0,0,0,0,1,0,0,0,0,0,0,0,0,0,0,0,0,0,0,0,0,0,0
2015-01-30,0.502126737052,0.0,0.0,0.0579710144928,0.391304347826,0.0,0.0,0.0869565217391,0.202898550725,0.405797101449,0.304347826087,0.0,-7.0,-10.0,38.0,21.7384615385,84.0,77.3650793651,5.18115942029,0,0,0,0,0,0,0,0,0,0,0,0,0,0,0,1,0,0,0,0,0,0,0,0,0,0,0,0,0,0,0,0,0,0,0,0
2015-01-31,1.26668025235,0.0,0.0,0.0555555555556,0.111111111111,0.0138888888889,0.0,0.458333333333,0.0694444444444,0.152777777778,0.319444444444,0.03,-7.0,-15.0,51.0,21.6363636364,83.0,79.0256410256,4.63235294118,1,0,0,0,0,0,0,0,0,0,0,0,0,0,0,0,0,0,0,0,0,0,0,0,0,0,0,0,0,0,0,0,0,0,0,0
2015-02-01,1.3568105448,0.0,0.0,0.432432432432,0.540540540541,0.0,0.0,0.189189189189,0.135135135135,0.405405405405,0.243243243243,0.0,-12.0,-18.0,62.0,40.9666666667,80.0,76.6756756757,2.48648648649,1,0,0,0,0,0,0,0,0,0,0,0,0,0,0,0,0,0,0,0,0,0,0,0,0,0,0,0,0,0,0,0,0,0,0,0
2015-02-02,0.54155874,0.0,0.130434782609,0.391304347826,0.130434782609,0.0,0.0,0.0434782608696,0.130434782609,0.391304347826,0.434782608696,0.0,-10.0,-11.0,51.0,34.8695652174,88.0,81.8260869565,3.58333333333,0,0,0,0,0,0,0,0,0,0,0,0,0,0,0,0,1,0,0,0,0,0,0,0,0,0,0,0,0,0,0,0,0,0,0,0
2015-02-03,0.341290784139,0.0,0.0,0.0,0.1,0.0,0.0,0.0666666666667,0.233333333333,0.6,0.1,0.0,-6.0,-8.0,52.0,27.2413793103,81.0,77.0666666667,9.03333333333,0,0,0,0,0,0,0,0,0,0,0,0,0,0,0,0,0,1,0,0,0,0,0,0,0,0,0,0,0,0,0,0,0,0,0,0
2015-02-04,0.33934832094,0.0,0.4,0.55,0.0,0.0,0.0,0.05,0.35,0.0,0.6,0.0,-7.0,-8.0,45.0,30.6666666667,81.0,78.6315789474,0.4,0,0,0,0,0,0,0,0,0,0,0,0,0,0,0,0,0,1,0,0,0,0,0,0,0,0,0,0,0,0,0,0,0,0,0,0
2015-02-05,0.376643614369,0.0,0.0,0.0,0.227272727273,0.0,0.0,0.954545454545,0.0,0.0,0.0,0.03,-3.0,-8.0,54.0,34.6666666667,85.0,77.9090909091,8.15909090909,0,0,0,0,0,0,0,0,0,0,0,0,0,0,0,0,0,1,0,0,0,0,0,0,0,0,0,0,0,0,0,0,0,0,0,0
2015-02-06,0.545637912719,0.0,0.0,0.0,0.0,0.0,0.0,1.0,0.0,0.0,0.0,0.0,0.0,-5.0,52.0,40.4583333333,89.0,81.962962963,10.0,0,0,0,0,0,0,0,0,0,0,0,0,0,0,0,1,0,0,0,0,0,0,0,0,0,0,0,0,0,0,0,0,0,0,0,0
2015-02-07,1.34088234656,,,,,,,,,,,,,,,,,,,1,0,0,0,0,0,0,0,0,0,0,0,0,0,0,0,0,0,0,0,0,0,0,0,0,0,0,0,0,0,0,0,0,0,0,0
2015-02-08,1.44771782253,,,,,,,,,,,,,,,,,,,1,0,0,0,0,0,0,0,0,0,0,0,0,0,0,0,0,0,0,0,0,0,0,0,0,0,0,0,0,0,0,0,0,0,0,0
2015-02-09,0.478622932339,0.0,0.0,0.0208333333333,0.0,0.0,0.0,0.645833333333,0.0,0.354166666667,0.0,0.0,0.0,-6.0,36.0,25.1739130435,88.0,80.5208333333,9.89583333333,0,0,0,0,0,0,0,0,0,0,0,0,0,0,0,0,1,0,0,0,0,0,0,0,0,0,0,0,0,0,0,0,0,0,0,0
2015-02-10,0.30535521495,0.0,0.0757575757576,0.393939393939,0.257575757576,0.0,0.030303030303,0.0,0.0606060606061,0.30303030303,0.636363636364,0.14,-5.0,-10.0,31.0,15.873015873,88.0,76.7121212121,2.3201754386,0,0,0,0,0,0,1,0,0,0,0,0,0,0,0,0,0,1,0,0,0,0,0,0,0,0,0,0,0,0,0,0,0,0,1,0
2015-02-11,0.314290545667,0.0,0.171428571429,0.0857142857143,0.0857142857143,0.0,0.0,0.642857142857,0.0,0.0285714285714,0.328571428571,0.18,-9.0,-11.0,28.0,15.35,88.0,79.2571428571,6.55,0,0,0,0,0,0,2,0,0,0,0,0,0,0,0,0,0,1,0,0,0,0,0,0,0,0,0,0,0,0,0,0,0,0,2,0
2015-02-12,0.356636243415,0.0,0.0,0.0285714285714,0.257142857143,0.0,0.0,0.785714285714,0.0285714285714,0.157142857143,0.0285714285714,0.0,-6.0,-11.0,43.0,25.1846153846,88.0,78.0857142857,7.86428571429,0,0,0,0,0,0,3,0,0,0,0,0,0,0,0,0,0,1,0,0,0,0,0,0,0,0,0,0,0,0,0,0,0,0,3,0
2015-02-13,0.617703297418,0.0,0.0,0.0,0.0,0.0,0.0,0.819444444444,0.0138888888889,0.0138888888889,0.152777777778,0.0,-4.0,-10.0,22.0,15.0461538462,85.0,77.0972222222,10.0,0,0,0,0,0,0,4,0,0,0,0,0,0,0,0,1,0,0,0,0,0,0,4,0,0,0,0,0,0,0,0,0,0,0,0,0
2015-02-14,1.44635809829,0.0,0.0,0.0,0.0,0.0,0.0,1.0,0.0,0.0,0.0,0.0,0.0,-7.0,37.0,24.3142857143,88.0,80.2702702703,10.0,1,0,0,0,0,0,5,0,0,0,0,5,0,0,0,0,0,0,0,0,0,0,0,0,0,0,0,0,0,0,0,0,0,0,0,0
2015-02-15,1.70703665966,,,,,,,,,,,,,,,,,,,1,0,0,0,0,0,6,0,0,0,0,6,0,0,0,0,0,0,0,0,0,0,0,0,0,0,0,0,0,0,0,0,0,0,0,0
2015-02-16,1.15634834262,0.0,0.0,0.25,0.375,0.0,0.0,0.0,0.1875,0.125,0.6875,0.0,-18.0,-20.0,30.0,17.4,79.0,75.625,0.275,0,0,0,0,0,0,7,0,0,0,0,0,0,0,0,0,1,0,0,0,0,0,0,0,0,0,0,0,7,0,0,0,0,0,0,0
2015-02-17,0.433363539792,0.0,0.709677419355,0.193548387097,0.0,0.0,0.0,0.0,0.41935483871,0.0967741935484,0.483870967742,0.0,-18.0,-20.0,43.0,36.25,79.0,78.1612903226,0.125,0,0,0,0,0,0,6,0,0,0,0,0,0,0,0,0,0,1,0,0,0,0,0,0,0,0,0,0,0,0,0,0,0,0,6,0
2015-02-18,0.286901814555,0.0,0.0,0.0,0.0,0.0,0.0,0.782608695652,0.130434782609,0.0,0.0869565217391,0.0,-6.0,-15.0,44.0,31.9090909091,81.0,75.3913043478,9.86956521739,0,0,0,0,0,0,5,0,0,0,0,0,0,0,0,0,0,1,0,0,0,0,0,0,0,0,0,0,0,0,0,0,0,0,5,0
2015-02-19,0.316427255187,0.0,0.0,0.0,0.0,0.0,0.0,0.391304347826,0.173913043478,0.434782608696,0.0,0.0,-3.0,-8.0,38.0,32.5909090909,81.0,77.5652173913,10.0,0,0,0,0,0,0,4,0,0,0,0,0,0,0,0,0,0,1,0,0,0,0,0,0,0,0,0,0,0,0,0,0,0,0,4,0
2015-02-20,0.483673336657,0.0,0.0,0.666666666667,0.333333333333,0.0,0.0,0.0,0.333333333333,0.666666666667,0.0,0.0,-14.0,-14.0,20.0,16.25,76.0,75.5,2.75,0,0,0,0,0,0,3,0,0,0,0,0,0,0,0,1,0,0,0,0,0,0,3,0,0,0,0,0,0,0,0,0,0,0,0,0
2015-02-21,1.45762438485,0.0,0.0416666666667,0.604166666667,0.1875,0.0,0.0,0.0,0.25,0.604166666667,0.145833333333,0.07,-13.0,-20.0,18.0,12.7027027027,80.0,77.5625,2.72093023256,1,0,0,0,0,0,2,0,0,0,0,2,0,0,0,0,0,0,0,0,0,0,0,0,0,0,0,0,0,0,0,0,0,0,0,0
2015-02-22,1.49569666356,0.0,0.0,0.472222222222,0.263888888889,0.0,0.0,0.0138888888889,0.125,0.5,0.361111111111,0.03,-13.0,-23.0,18.0,9.5671641791,80.0,77.0138888889,4.39583333333,1,0,0,0,0,0,1,0,0,0,0,1,0,0,0,0,0,0,0,0,0,0,0,0,0,0,0,0,0,0,0,0,0,0,0,0
2015-02-23,0.598084419104,0.0,0.0704225352113,0.0985915492958,0.12676056338,0.0,0.0,0.056338028169,0.169014084507,0.549295774648,0.225352112676,0.0,-10.0,-15.0,25.0,10.8181818182,80.0,77.3661971831,7.05172413793,0,0,0,0,0,0,0,0,0,0,0,0,0,0,0,0,1,0,0,0,0,0,0,0,0,0,0,0,0,0,0,0,0,0,0,0
2015-02-24,0.388492639886,0.0,0.0,0.0428571428571,0.0571428571429,0.0,0.0,0.957142857143,0.0,0.0,0.0142857142857,0.0,-6.0,-16.0,46.0,11.3823529412,81.0,76.3,8.99583333333,0,0,0,0,0,0,0,0,0,0,0,0,0,0,0,0,0,1,0,0,0,0,0,0,0,0,0,0,0,0,0,0,0,0,0,0
2015-02-25,0.382276757647,0.0,0.4,0.55,0.05,0.0,0.0,0.0,0.275,0.1,0.625,0.11,-11.0,-18.0,52.0,29.5862068966,80.0,74.05,0.66875,0,0,0,0,0,0,0,0,0,0,0,0,0,0,0,0,0,1,0,0,0,0,0,0,0,0,0,0,0,0,0,0,0,0,0,0
2015-02-26,0.387909900926,0.0,0.0,0.508196721311,0.409836065574,0.0,0.0,0.0655737704918,0.180327868852,0.475409836066,0.262295081967,0.03,-16.0,-20.0,25.0,15.4807692308,79.0,74.5,2.05737704918,0,0,0,0,0,0,0,0,0,0,0,0,0,0,0,0,0,1,0,0,0,0,0,0,0,0,0,0,0,0,0,0,0,0,0,0
2015-02-27,0.555350228716,0.0,0.0,0.0428571428571,0.0,0.0,0.0,0.9,0.0285714285714,0.0428571428571,0.0142857142857,0.0,-15.0,-20.0,22.0,14.1911764706,79.0,76.6666666667,2.48214285714,0,0,0,0,0,0,0,0,0,0,0,0,0,0,0,1,0,0,0,0,0,0,0,0,0,0,0,0,0,0,0,0,0,0,0,0
2015-02-28,1.33971686865,0.0,0.0,0.1875,0.015625,0.0,0.0,0.71875,0.015625,0.140625,0.125,0.01,-12.0,-18.0,20.0,10.8032786885,76.0,74.1538461538,7.2265625,1,0,0,0,0,0,0,0,0,0,0,0,0,0,0,0,0,0,0,0,0,0,0,0,0,0,0,0,0,0,0,0,0,0,0,0
2015-03-01,1.44694083725,0.0,0.0,0.830508474576,0.101694915254,0.0,0.0,0.0,0.406779661017,0.305084745763,0.28813559322,0.0,-8.0,-13.0,28.0,13.9642857143,80.0,77.406779661,2.61440677966,1,0,0,0,0,0,0,0,0,0,0,0,0,0,1,0,0,0,0,0,0,0,0,0,0,0,0,0,0,0,0,0,0,0,0,0
2015-03-02,0.531846424003,0.0,0.0819672131148,0.540983606557,0.131147540984,0.0,0.0,0.0,0.262295081967,0.639344262295,0.0983606557377,0.0,-3.0,-11.0,37.0,17.4655172414,81.0,78.0655737705,3.6762295082,0,0,0,0,0,0,0,0,0,0,0,0,0,0,0,0,1,0,0,0,0,0,0,0,0,0,0,0,0,0,0,0,0,0,0,0
2015-03-03,0.365765820452,0.0,0.117647058824,0.588235294118,0.264705882353,0.0294117647059,0.0,0.0,0.294117647059,0.441176470588,0.264705882353,0.0,-12.0,-18.0,31.0,19.1379310345,80.0,73.7058823529,1.41176470588,0,0,0,0,0,0,0,0,0,0,0,0,0,0,0,0,0,1,0,0,0,0,0,0,0,0,0,0,0,0,0,0,0,0,0,0
2015-03-04,0.33857133566,0.0,0.0196078431373,0.0392156862745,0.0196078431373,0.0,0.0,0.137254901961,0.254901960784,0.372549019608,0.21568627451,0.0,-18.0,-24.0,39.0,27.4285714286,79.0,74.2156862745,0.5,0,0,0,0,0,0,0,0,0,0,0,0,0,0,0,0,0,1,0,0,0,0,0,0,0,0,0,0,0,0,0,0,0,0,0,0
2015-03-05,0.365377327812,0.0,0.0,0.0,0.0,0.0,0.0,0.6,0.0666666666667,0.166666666667,0.166666666667,0.0,-17.0,-22.0,44.0,32.8214285714,79.0,73.7333333333,,0,0,0,0,0,0,0,0,0,0,0,0,0,0,0,0,0,1,0,0,0,0,0,0,0,0,0,0,0,0,0,0,0,0,0,0
2015-03-06,0.546997636959,,,,,,,,,,,,,,,,,,,0,0,0,0,0,0,0,0,0,0,0,0,0,0,0,1,0,0,0,0,0,0,0,0,0,0,0,0,0,0,0,0,0,0,0,0
2015-03-07,1.29270925922,,,,,,,,,,,,,,,,,,,1,0,0,0,0,0,0,0,0,0,0,0,0,0,0,0,0,0,0,0,0,0,0,0,0,0,0,0,0,0,0,0,0,0,0,0
2015-03-08,,,,,,,,,,,,,,,,,,,,0,0,0,0,0,0,0,0,0,0,0,0,0,1,0,0,0,0,0,0,0,0,0,0,0,0,0,0,0,0,0,0,0,0,0,0
2015-03-09,1.43159537798,,,,,,,,,,,,,,,,,,,0,0,0,0,0,0,0,0,0,0,0,0,0,1,0,0,1,0,0,0,0,0,0,0,0,0,0,0,0,0,0,0,0,0,0,0
2015-03-10,1.32922756737,0.0,0.0,0.0,0.0,0.0,0.0,0.977272727273,0.0,0.0,0.0,0.0,-2.0,-7.0,13.0,8.64285714286,81.0,78.1590909091,10.0,0,0,0,0,0,0,0,0,0,0,0,0,0,1,0,0,0,1,0,0,0,0,0,0,0,0,0,0,0,0,0,0,0,0,0,0
2015-03-11,1.31116265961,0.0,0.0,0.0,0.0,0.0,0.0,0.972222222222,0.0138888888889,0.0138888888889,0.0,0.0,0.0,-7.0,22.0,14.0895522388,85.0,78.875,10.0,0,0,0,0,0,0,0,0,0,0,0,0,0,1,0,0,0,1,0,0,0,0,0,0,0,0,0,0,0,0,0,0,0,0,0,0
2015-03-12,1.30941444273,0.0,0.0,0.239436619718,0.0281690140845,0.0,0.0,0.056338028169,0.211267605634,0.549295774648,0.183098591549,0.04,-1.0,-7.0,24.0,10.8208955224,82.0,77.014084507,8.08802816901,0,0,0,0,0,0,0,0,0,0,0,0,0,1,0,0,0,1,0,0,0,0,0,0,0,0,0,0,0,0,0,0,0,0,0,0
2015-03-13,1.3645803976,0.0,0.0175438596491,0.385964912281,0.245614035088,0.0,0.0,0.0877192982456,0.263157894737,0.263157894737,0.385964912281,0.13,-6.0,-8.0,22.0,11.6382978723,81.0,76.4912280702,4.55263157895,0,0,0,0,0,0,0,0,0,0,0,0,0,1,0,1,0,0,0,0,0,0,0,0,0,0,0,0,0,0,0,0,0,0,0,0
2015-03-14,1.87544821905,0.0,0.0,0.0,0.0,0.0,0.0,1.0,0.0,0.0,0.0,0.0,-1.0,-10.0,32.0,13.0281690141,82.0,75.8055555556,9.95833333333,1,0,0,0,0,0,0,0,0,0,0,0,0,1,0,0,0,0,0,0,0,0,0,0,0,0,0,0,0,0,0,0,0,0,0,0
2015-03-15,2.0289028118,0.0,0.0,0.0,0.0,0.0,0.0,0.972222222222,0.0,0.0277777777778,0.0,0.0,5.0,-5.0,26.0,12.0447761194,85.0,79.2916666667,10.0,1,0,0,0,0,0,0,0,0,0,0,0,0,1,0,0,0,0,0,0,0,0,0,0,0,0,0,0,0,0,0,0,0,0,0,0
2015-03-16,1.56951026514,0.0,0.0704225352113,0.0,0.056338028169,0.0,0.0,0.732394366197,0.056338028169,0.0704225352113,0.12676056338,0.0,2.0,-4.0,47.0,20.1884057971,85.0,80.2957746479,8.72857142857,0,0,0,0,0,0,0,0,0,0,0,0,0,1,0,0,1,0,0,0,0,0,0,0,0,0,0,0,0,0,0,0,0,0,0,0
2015-03-17,1.50074706788,0.0,0.0,0.0,0.0416666666667,0.0,0.0,0.5,0.0833333333333,0.138888888889,0.277777777778,0.24,3.0,-5.0,34.0,13.8269230769,85.0,79.8888888889,9.6884057971,0,0,0,0,0,0,0,0,0,0,0,0,0,1,0,0,0,1,0,0,0,0,0,0,0,0,0,0,0,0,0,0,0,0,0,0
2015-03-18,1.45995534069,0.0,0.0454545454545,0.121212121212,0.0757575757576,0.0,0.0,0.0151515151515,0.30303030303,0.348484848485,0.333333333333,0.12,0.0,-6.0,25.0,16.126984127,82.0,77.0757575758,7.79545454545,0,0,0,0,0,0,0,0,0,0,0,0,0,1,0,0,0,1,0,0,0,0,0,0,0,0,0,0,0,0,0,0,0,0,0,0
2015-03-19,1.4162499187,0.0,0.0441176470588,0.0735294117647,0.176470588235,0.0,0.0,0.132352941176,0.205882352941,0.161764705882,0.5,0.06,-5.0,-10.0,26.0,11.1212121212,81.0,75.1617647059,5.35810810811,0,0,0,0,0,0,0,0,0,0,0,0,0,1,0,0,0,1,0,0,0,0,0,0,0,0,0,0,0,0,0,0,0,0,0,0
2015-03-20,1.45432219741,0.0,0.0,0.0,0.0,0.0138888888889,0.0,1.0,0.0,0.0,0.0,0.0,-1.0,-10.0,14.0,6.94285714286,82.0,76.0138888889,10.0,0,0,0,0,0,0,0,0,0,0,0,0,0,1,0,1,0,0,0,0,0,0,0,0,0,0,0,0,0,0,0,0,0,0,0,0
2015-03-21,1.78473518763,0.0,0.0,0.0,0.0,0.0,0.0,0.861111111111,0.0138888888889,0.125,0.0,0.0,0.0,-5.0,22.0,11.671641791,82.0,76.7777777778,10.0,1,0,0,0,0,0,0,0,0,0,0,0,0,1,0,0,0,0,0,0,0,0,0,0,0,0,0,0,0,0,0,0,0,0,0,0
2015-03-22,1.87078630737,0.0,0.0,0.0,0.0,0.0,0.0,0.478873239437,0.0845070422535,0.408450704225,0.0281690140845,0.0,0.0,-5.0,33.0,19.8695652174,85.0,77.6197183099,10.0,1,0,0,0,0,0,0,0,0,0,0,0,0,1,0,0,0,0,0,0,0,0,0,0,0,0,0,0,0,0,0,0,0,0,0,0
2015-03-23,1.47491230733,0.0,0.0909090909091,0.121212121212,0.0,0.0,0.0,0.318181818182,0.0606060606061,0.409090909091,0.212121212121,0.09,0.0,-8.0,32.0,18.6851851852,82.0,76.8125,8.15909090909,0,0,0,0,0,0,0,0,0,0,0,0,0,1,0,0,1,0,0,0,0,0,0,0,0,0,0,0,0,0,0,0,0,0,0,0
2015-03-24,1.39973898151,0.0,0.169230769231,0.215384615385,0.0923076923077,0.0,0.0153846153846,0.123076923077,0.0307692307692,0.507692307692,0.292307692308,0.03,-6.0,-13.0,39.0,27.7954545455,81.0,74.1692307692,5.53461538462,0,0,0,0,0,0,0,0,0,0,0,0,0,1,0,0,0,1,0,0,0,0,0,0,0,0,0,0,0,0,0,0,0,0,0,0
2015-03-25,1.373321482,0.0,0.0,0.381818181818,0.0727272727273,0.0,0.0,0.0181818181818,0.345454545455,0.236363636364,0.381818181818,0.12,-8.0,-13.0,31.0,17.5,80.0,72.1818181818,1.73,0,0,0,0,0,0,0,0,0,0,0,0,0,1,0,0,0,1,0,0,0,0,0,0,0,0,0,0,0,0,0,0,0,0,0,0
2015-03-26,1.39041515815,0.0,0.0,0.311475409836,0.393442622951,0.0,0.0,0.0,0.27868852459,0.262295081967,0.426229508197,0.0,-6.0,-15.0,45.0,32.8421052632,81.0,73.868852459,3.605,0,0,0,0,0,0,0,0,0,0,0,0,0,1,0,0,0,1,0,0,0,0,0,0,0,0,0,0,0,0,0,0,0,0,0,0
2015-03-27,1.47122162725,0.0,0.0,0.015625,0.109375,0.0,0.0,0.1875,0.171875,0.25,0.390625,0.17,-1.0,-7.0,39.0,30.8245614035,82.0,75.328125,8.10416666667,0,0,0,0,0,0,0,0,0,0,0,0,0,1,0,1,0,0,0,0,0,0,0,0,0,0,0,0,0,0,0,0,0,0,0,0
2015-03-28,1.73559086869,0.0,0.0,0.0140845070423,0.0,0.0,0.0,0.605633802817,0.0,0.394366197183,0.0,0.0,2.0,-3.0,41.0,29.8695652174,85.0,77.3802816901,9.9014084507,1,0,0,0,0,0,0,0,0,0,0,0,0,1,0,0,0,0,0,0,0,0,0,0,0,0,0,0,0,0,0,0,0,0,0,0
2015-03-29,1.71111583238,0.0,0.0,0.0,0.0,0.0,0.0,0.888888888889,0.0,0.111111111111,0.0,0.0,1.0,-7.0,39.0,25.2058823529,85.0,76.5277777778,10.0,1,0,0,0,0,0,0,0,0,0,0,0,0,1,0,0,0,0,0,0,0,0,0,0,0,0,0,0,0,0,0,0,0,0,0,0
2015-03-30,1.18567953693,0.0,0.0,0.0,0.0,0.0,0.0,0.929577464789,0.0,0.0704225352113,0.0,0.0,2.0,-5.0,37.0,27.3857142857,85.0,75.9375,10.0,0,0,0,0,0,0,0,0,0,0,0,0,0,1,0,0,1,0,0,0,0,0,0,0,0,0,0,0,0,0,0,0,0,0,0,0
2015-03-31,1.06854900601,0.0,0.0,0.0,0.0,0.0,0.0,0.861111111111,0.0,0.138888888889,0.0,0.0,3.0,-2.0,32.0,19.3857142857,85.0,77.6222222222,10.0,0,0,0,0,0,0,0,0,0,0,0,0,0,0,1,0,0,1,0,0,0,0,0,0,0,0,0,0,0,0,0,0,0,0,0,0
2015-04-01,1.05184382249,0.0,0.0140845070423,0.12676056338,0.056338028169,0.0,0.0,0.521126760563,0.0422535211268,0.394366197183,0.0281690140845,0.03,0.0,-6.0,39.0,25.9850746269,82.0,75.323943662,8.43309859155,0,0,0,0,0,0,0,0,0,0,0,0,0,0,1,0,0,1,0,0,0,0,0,0,0,0,0,0,0,0,0,0,0,0,0,0
2015-04-02,1.04504520129,0.0,0.0384615384615,0.269230769231,0.0384615384615,0.0,0.0192307692308,0.0192307692308,0.0769230769231,0.692307692308,0.211538461538,0.07,-3.0,-13.0,28.0,13.2790697674,81.0,73.8846153846,6.75,0,0,0,0,0,0,0,0,0,0,0,0,0,0,1,0,0,1,0,0,0,0,0,0,0,0,0,0,0,0,0,0,0,0,0,0
2015-04-03,1.11652784703,0.0,0.0,0.246153846154,0.184615384615,0.0,0.0,0.492307692308,0.169230769231,0.0615384615385,0.153846153846,0.0,-8.0,-17.0,30.0,17.5909090909,80.0,73.0769230769,6.12692307692,0,0,0,0,0,0,0,0,0,0,0,0,0,0,1,1,0,0,0,0,0,0,0,0,0,0,0,0,0,0,0,0,0,0,0,0
2015-04-04,1.29970212674,0.0,0.0,0.0,0.0,0.0,0.0,0.774647887324,0.0704225352113,0.154929577465,0.0,0.0,-1.0,-11.0,37.0,24.115942029,81.0,74.3098591549,10.0,1,0,0,0,0,0,0,0,0,0,0,0,0,0,1,0,0,0,0,0,0,0,0,0,0,0,0,0,0,0,0,0,0,0,0,0
2015-04-05,1.24259370867,0.0,0.0,0.0,0.0,0.0,0.0,1.0,0.0,0.0,0.0,0.0,2.0,-5.0,34.0,21.2380952381,85.0,75.7638888889,10.0,1,0,0,0,0,0,0,0,0,0,0,0,0,0,1,0,0,0,0,0,0,0,0,0,0,0,0,0,0,0,0,0,0,0,0,0
2015-04-06,0.901302924534,0.0,0.0,0.0,0.0,0.0,0.0,1.0,0.0,0.0,0.0,0.0,2.0,-5.0,30.0,18.0185185185,85.0,75.2777777778,10.0,0,0,0,0,0,0,0,0,0,0,0,0,0,0,0,0,1,0,0,0,0,0,0,0,0,0,0,0,0,0,0,0,0,0,0,0
2015-04-07,0.842640535912,0.0,0.0,0.0,0.0,0.0,0.0,1.0,0.0,0.0,0.0,0.0,2.0,-6.0,30.0,15.8679245283,82.0,74.3095238095,10.0,0,0,0,0,0,0,0,0,0,0,0,0,0,0,0,0,0,1,0,0,0,0,0,0,0,0,0,0,0,0,0,0,0,0,0,0
2015-04-08,0.836036161034,0.0,0.0,0.0714285714286,0.0,0.0,0.0,0.571428571429,0.114285714286,0.257142857143,0.0571428571429,0.0,0.0,-13.0,38.0,16.9166666667,82.0,74.0714285714,9.475,0,0,0,0,0,0,0,0,0,0,0,0,0,0,0,0,0,1,0,0,0,0,0,0,0,0,0,0,0,0,0,0,0,0,0,0
2015-04-09,0.823410150237,0.0,0.0192307692308,0.326923076923,0.0961538461538,0.0,0.0,0.173076923077,0.25,0.384615384615,0.173076923077,0.0,-5.0,-13.0,29.0,13.8684210526,81.0,72.2307692308,6.25961538462,0,0,0,0,0,0,0,0,0,0,0,0,0,0,0,0,0,1,0,0,0,0,0,0,0,0,0,0,0,0,0,0,0,0,0,0
2015-04-10,0.850993127669,0.0,0.0,0.0,0.0,0.0,0.0,0.652777777778,0.0555555555556,0.263888888889,0.0277777777778,0.0,0.0,-8.0,25.0,15.2112676056,81.0,72.25,10.0,0,0,0,0,0,0,0,0,0,0,0,0,0,0,0,1,0,0,0,0,0,0,0,0,0,0,0,0,0,0,0,0,0,0,0,0
2015-04-11,1.03630411689,0.0,0.0,0.0,0.0,0.0,0.0,0.666666666667,0.0694444444444,0.263888888889,0.0,0.0,0.0,-6.0,31.0,19.1428571429,82.0,72.9583333333,10.0,1,0,0,0,0,0,0,0,0,0,0,0,0,0,0,0,0,0,0,0,0,0,0,0,0,0,0,0,0,0,0,0,0,0,0,0
2015-04-12,1.07515338088,0.0,0.0,0.044776119403,0.0149253731343,0.0,0.0149253731343,0.701492537313,0.0746268656716,0.208955223881,0.0149253731343,0.0,-1.0,-6.0,39.0,27.5806451613,81.0,73.3125,9.42164179104,1,0,0,0,0,0,0,0,0,0,0,0,0,0,0,0,0,0,0,0,0,0,0,0,0,0,0,0,0,0,0,0,0,0,0,0
2015-04-13,0.774265831292,0.0,0.0,0.0,0.0,0.0,0.0,0.875,0.0,0.125,0.0,0.0,2.0,-8.0,30.0,14.2575757576,,,10.0,0,0,0,0,0,0,0,0,0,0,0,0,0,0,0,0,1,0,0,0,0,0,0,0,0,0,0,0,0,0,0,0,0,0,0,0
2015-04-14,0.701423461313,0.0,0.0,0.0,0.0,0.0,0.0,0.805555555556,0.0,0.194444444444,0.0,0.0,4.0,-2.0,29.0,14.8,,,10.0,0,0,0,0,0,0,0,0,0,0,0,0,0,0,0,0,0,1,0,0,0,0,0,0,0,0,0,0,0,0,0,0,0,0,0,0
2015-04-15,0.681221844039,0.0,0.0,0.0,0.166666666667,0.0138888888889,0.0,0.541666666667,0.0138888888889,0.236111111111,0.208333333333,0.0,-1.0,-11.0,43.0,17.6545454545,80.0,72.0,7.29861111111,0,0,0,0,0,0,0,0,0,0,0,0,0,0,0,0,0,1,0,0,0,0,0,0,0,0,0,0,0,0,0,0,0,0,0,0
2015-04-16,0.661602965725,0.0,0.422222222222,0.422222222222,0.0888888888889,0.0,0.0444444444444,0.0,0.0444444444444,0.0222222222222,0.933333333333,0.15,-8.0,-11.0,39.0,26.3,74.0,72.0444444444,0.204545454545,0,0,0,0,0,0,0,0,0,0,0,0,0,0,0,0,0,1,0,0,0,0,0,0,0,0,0,0,0,0,0,0,0,0,0,0
2015-04-17,0.690351421077,0.0,0.22641509434,0.22641509434,0.188679245283,0.0566037735849,0.0754716981132,0.0,0.0943396226415,0.377358490566,0.528301886792,0.05,-7.0,-11.0,17.0,8.72727272727,80.0,71.5471698113,2.53773584906,0,0,0,0,0,0,0,0,0,0,0,0,0,0,0,1,0,0,0,0,0,0,0,0,0,0,0,0,0,0,0,0,0,0,0,0
2015-04-18,0.934519045245,0.0,0.12962962963,0.407407407407,0.0740740740741,0.0,0.0555555555556,0.0,0.148148148148,0.12962962963,0.722222222222,0.19,-7.0,-11.0,29.0,9.0,80.0,71.462962963,1.38157894737,1,0,0,0,0,0,0,0,0,0,0,0,0,0,0,0,0,0,0,0,0,0,0,0,0,0,0,0,0,0,0,0,0,0,0,0
2015-04-19,0.98327487155,0.0,0.0,0.0,0.0,0.0,0.0,0.0714285714286,0.157142857143,0.171428571429,0.6,0.18,-8.0,-11.0,32.0,20.2903225806,74.0,71.8,,1,0,0,0,0,0,0,0,0,0,0,0,0,0,0,0,0,0,0,0,0,0,0,0,0,0,0,0,0,0,0,0,0,0,0,0
2015-04-20,0.68044485876,0.0,0.101694915254,0.169491525424,0.0847457627119,0.0,0.0,0.169491525424,0.237288135593,0.305084745763,0.28813559322,0.11,-7.0,-11.0,40.0,27.4782608696,80.0,71.3559322034,2.66,0,0,0,0,0,0,0,0,0,0,0,0,0,0,0,0,1,0,0,0,0,0,0,0,0,0,0,0,0,0,0,0,0,0,0,0
2015-04-21,0.622947948056,0.0,0.0,0.142857142857,0.342857142857,0.0,0.0,0.185714285714,0.114285714286,0.671428571429,0.0,0.0,-1.0,-7.0,38.0,22.953125,81.0,71.3142857143,6.70357142857,0,0,0,0,0,0,0,0,0,0,0,0,0,0,0,0,0,1,0,0,0,0,0,0,0,0,0,0,0,0,0,0,0,0,0,0
2015-04-22,0.614789602619,0.0,0.0,0.0416666666667,0.111111111111,0.0138888888889,0.0,0.375,0.111111111111,0.375,0.138888888889,0.0,0.0,-5.0,26.0,15.2898550725,82.0,73.0972222222,8.50347222222,0,0,0,0,0,0,0,0,0,0,0,0,0,0,0,0,0,1,0,0,0,0,0,0,0,0,0,0,0,0,0,0,0,0,0,0
2015-04-23,0.613235632059,0.0,0.0,0.0714285714286,0.0714285714286,0.0,0.0,0.385714285714,0.128571428571,0.371428571429,0.1,0.0,0.0,-7.0,36.0,21.2586206897,82.0,72.4428571429,8.7276119403,0,0,0,0,0,0,0,0,0,0,0,0,0,0,0,0,0,1,0,0,0,0,0,0,0,0,0,0,0,0,0,0,0,0,0,0
2015-04-24,0.657912285646,0.0,0.0285714285714,0.128571428571,0.0714285714286,0.0142857142857,0.0142857142857,0.271428571429,0.242857142857,0.414285714286,0.0714285714286,0.0,-2.0,-7.0,32.0,21.5,75.0,70.8285714286,7.68928571429,0,0,0,0,0,0,0,0,0,0,0,0,0,0,0,1,0,0,0,0,0,0,0,0,0,0,0,0,0,0,0,0,0,0,0,0
2015-04-25,0.979195698831,0.0,0.115942028986,0.130434782609,0.101449275362,0.0,0.0289855072464,0.31884057971,0.0724637681159,0.275362318841,0.333333333333,0.22,0.0,-7.0,33.0,17.0892857143,81.0,71.768115942,6.40217391304,1,0,0,0,0,0,0,0,0,0,0,0,0,0,0,0,0,0,0,0,0,0,0,0,0,0,0,0,0,0,0,0,0,0,0,0
2015-04-26,1.13323303055,0.0,0.15625,0.21875,0.515625,0.015625,0.078125,0.0,0.0,0.0,1.0,0.22,-5.0,-7.0,31.0,20.4090909091,74.0,71.28125,0.1640625,1,0,0,0,0,0,0,0,0,0,0,0,0,0,0,0,0,0,0,0,0,0,0,0,0,0,0,0,0,0,0,0,0,0,0,0
2015-04-27,0.64625750645,0.0,0.0,0.078125,0.796875,0.03125,0.0,0.0,0.015625,0.03125,0.953125,1.17,-4.0,-8.0,23.0,13.7592592593,74.0,71.875,0.454166666667,0,0,0,0,0,0,0,0,0,0,0,0,0,0,0,0,1,0,0,0,0,0,0,0,0,0,0,0,0,0,0,0,0,0,0,0
2015-04-28,0.549717085438,0.0,0.0,0.0,0.0746268656716,0.0149253731343,0.0,0.492537313433,0.0149253731343,0.402985074627,0.089552238806,2.22,0.0,-9.0,21.0,10.5925925926,75.0,70.2985074627,9.17307692308,0,0,0,0,0,0,0,0,0,0,0,0,0,0,0,0,0,1,0,0,0,0,0,0,0,0,0,0,0,0,0,0,0,0,0,0
2015-04-29,0.557292691916,0.0,0.0,0.0,0.0,0.0,0.0,0.861111111111,0.0138888888889,0.125,0.0,0.0,2.0,-5.0,28.0,18.6029411765,82.0,74.2615384615,10.0,0,0,0,0,0,0,0,0,0,0,0,0,0,0,0,0,0,1,0,0,0,0,0,0,0,0,0,0,0,0,0,0,0,0,0,0
2015-04-30,0.549911331758,0.0,0.0,0.0,0.0,0.0,0.0,0.75,0.0277777777778,0.208333333333,0.0138888888889,0.0,4.0,-1.0,23.0,13.0,82.0,75.0238095238,9.95833333333,0,0,0,0,0,0,0,0,0,0,0,0,0,0,0,0,0,1,0,0,0,0,0,0,0,0,0,0,0,0,0,0,0,0,0,0
2015-05-01,0.560983371995,,,,,,,,,,,,,,,,,,,0,0,0,0,0,0,0,0,0,0,0,0,0,0,0,1,0,0,0,0,0,0,0,0,0,0,0,0,0,0,0,0,0,0,0,0
2015-05-02,0.750956272899,,,,,,,,,,,,,,,,,,,1,0,0,0,0,0,0,0,0,0,0,0,0,0,0,0,0,0,0,0,0,0,0,0,0,0,0,0,0,0,0,0,0,0,0,0
2015-05-03,0.78048171353,,,,,,,,,,,,,,,,,,,1,0,0,0,0,0,0,0,0,0,0,0,0,0,0,0,0,0,0,0,0,0,0,0,0,0,0,0,0,0,0,0,0,0,0,0
2015-05-04,0.525242049125,,,,,,,,,,,,,,,,,,,0,0,0,0,0,0,0,0,0,0,0,0,0,0,0,0,1,0,0,0,0,0,0,0,0,0,0,0,0,0,0,0,0,0,0,0
2015-05-05,0.502515229692,,,,,,,,,,,,,,,,,,,0,0,0,0,0,0,0,0,0,0,0,0,0,0,0,0,0,1,0,0,0,0,0,0,0,0,0,0,0,0,0,0,0,0,0,0
2015-05-06,0.499990027533,,,,,,,,,,,,,,,,,,,0,0,0,0,0,0,0,0,0,0,0,0,0,0,0,0,0,1,0,0,0,0,0,0,0,0,0,0,0,0,0,0,0,0,0,0
2015-05-07,0.506400156091,,,,,,,,,,,,,,,,,,,0,0,0,0,0,0,0,0,0,0,0,0,0,0,0,0,0,1,0,0,0,0,0,0,0,0,0,0,0,0,0,0,0,0,0,0
2015-05-08,0.497659071693,,,,,,,,,,,,,,,,,,,0,0,0,0,0,0,0,0,0,0,0,0,0,0,0,1,0,0,0,0,0,0,0,0,0,0,0,0,0,0,0,0,0,0,0,0
2015-05-09,0.566616515273,,,,,,,,,,,,,,,,,,,1,0,0,0,0,0,0,0,0,0,0,0,0,0,0,0,0,0,0,0,0,0,0,0,0,0,0,0,0,0,0,0,0,0,0,0
2015-05-10,0.563314327834,,,,,,,,,,,,,,,,,,,1,0,0,0,0,0,0,0,0,0,0,0,0,0,0,0,0,0,0,0,0,0,0,0,0,0,0,0,0,0,0,0,0,0,0,0
2015-05-11,0.457644329785,,,,,,,,,,,,,,,,,,,0,0,0,0,0,0,0,0,0,0,0,0,0,0,0,0,1,0,0,0,0,0,0,0,0,0,0,0,0,0,0,0,0,0,0,0
2015-05-12,0.47493225226,,,,,,,,,,,,,,,,,,,0,0,0,0,0,0,0,0,0,0,0,0,0,0,0,0,0,1,0,0,0,0,0,0,0,0,0,0,0,0,0,0,0,0,0,0
2015-05-13,0.477457454419,,,,,,,,,,,,,,,,,,,0,0,0,0,0,0,0,0,0,0,0,0,0,0,0,0,0,1,0,0,0,0,0,0,0,0,0,0,0,0,0,0,0,0,0,0
2015-05-14,0.479594163939,,,,,,,,,,,,,,,,,,,0,0,0,0,0,0,0,0,0,0,0,0,0,0,0,0,0,1,0,0,0,0,0,0,0,0,0,0,0,0,0,0,0,0,0,0
2015-05-15,0.494551130574,,,,,,,,,,,,,,,,,,,0,0,0,0,0,0,0,0,0,0,0,0,0,0,0,1,0,0,0,0,0,0,0,0,0,0,0,0,0,0,0,0,0,0,0,0
2015-05-16,0.671121035402,,,,,,,,,,,,,,,,,,,1,0,0,0,0,0,0,0,0,0,0,0,0,0,0,0,0,0,0,0,0,0,0,0,0,0,0,0,0,0,0,0,0,0,0,0
2015-05-17,0.721625078587,,,,,,,,,,,,,,,,,,,1,0,0,0,0,0,0,0,0,0,0,0,0,0,0,0,0,0,0,0,0,0,0,0,0,0,0,0,0,0,0,0,0,0,0,0
2015-05-18,0.505428924491,,,,,,,,,,,,,,,,,,,0,0,0,0,0,0,0,0,0,0,0,0,0,0,0,0,1,0,0,0,0,0,0,0,0,0,0,0,0,0,0,0,0,0,0,0
2015-05-19,0.493968391614,,,,,,,,,,,,,,,,,,,0,0,0,0,0,0,0,0,0,0,0,0,0,0,0,0,0,1,0,0,0,0,0,0,0,0,0,0,0,0,0,0,0,0,0,0
2015-05-20,0.501738244412,,,,,,,,,,,,,,,,,,,0,0,0,0,0,0,0,0,0,0,0,0,0,0,0,0,0,1,0,0,0,0,0,0,0,0,0,0,0,0,0,0,0,0,0,0
2015-05-21,0.497853318013,,,,,,,,,,,,,,,,,,,0,0,0,0,0,0,0,0,0,0,0,0,0,0,0,0,0,1,0,0,0,0,0,0,0,0,0,0,0,0,0,0,0,0,0,0
2015-05-22,0.562925835194,,,,,,,,,,,,,,,,,,,0,0,0,0,0,0,0,0,0,0,0,0,0,0,0,1,0,0,0,0,0,0,0,0,0,0,0,0,0,0,0,0,0,0,0,0
2015-05-23,1.0139657901,,,,,,,,,,,,,,,,,,,1,0,0,0,0,0,0,0,0,0,0,0,0,0,0,0,0,0,0,0,0,0,0,0,0,0,0,0,0,0,0,0,0,0,0,0
2015-05-24,1.33855139073,,,,,,,,,,,,,,,,,,,1,0,0,0,0,0,0,0,0,0,0,0,0,0,0,0,0,0,0,0,0,0,0,0,0,0,0,0,0,0,0,0,0,0,0,0
2015-05-25,1.16023326902,,,,,,,,,,,,,,,,,,,0,0,0,0,0,0,0,0,0,0,0,0,0,0,0,0,1,0,0,0,0,0,0,0,0,0,0,0,0,0,0,0,0,0,0,0
2015-05-26,0.599249897023,,,,,,,,,,,,,,,,,,,0,0,0,0,0,0,0,0,0,0,0,0,0,0,0,0,0,1,0,0,0,0,0,0,0,0,0,0,0,0,0,0,0,0,0,0
2015-05-27,0.513004530969,,,,,,,,,,,,,,,,,,,0,0,0,0,0,0,0,0,0,0,0,0,0,0,0,0,0,1,0,0,0,0,0,0,0,0,0,0,0,0,0,0,0,0,0,0
2015-05-28,0.517666442647,,,,,,,,,,,,,,,,,,,0,0,0,0,0,0,0,0,0,0,0,0,0,0,0,0,0,1,0,0,0,0,0,0,0,0,0,0,0,0,0,0,0,0,0,0
2015-05-29,0.554184750797,,,,,,,,,,,,,,,,,,,0,0,0,0,0,0,0,0,0,0,0,0,0,0,0,1,0,0,0,0,0,0,0,0,0,0,0,0,0,0,0,0,0,0,0,0
2015-05-30,0.821661933358,,,,,,,,,,,,,,,,,,,1,0,0,0,0,0,0,0,0,0,0,0,0,0,0,0,0,0,0,0,0,0,0,0,0,0,0,0,0,0,0,0,0,0,0,0
2015-05-31,0.901885663494,,,,,,,,,,,,,,,,,,,1,0,0,0,0,0,0,0,0,0,0,0,0,0,0,0,0,0,0,0,0,0,0,0,0,0,0,0,0,0,0,0,0,0,0,0
2015-06-01,0.570501441672,,,,,,,,,,,,,,,,,,,0,0,0,0,0,0,0,0,0,0,0,0,0,0,0,0,1,0,0,0,0,0,0,0,0,0,0,0,0,0,0,0,0,0,0,0
2015-06-02,0.504457692891,,,,,,,,,,,,,,,,,,,0,0,0,0,0,0,0,0,0,0,0,0,0,0,0,0,0,1,0,0,0,0,0,0,0,0,0,0,0,0,0,0,0,0,0,0
2015-06-03,0.468716370022,,,,,,,,,,,,,,,,,,,0,0,0,0,0,0,0,0,0,0,0,0,0,0,0,0,0,1,0,0,0,0,0,0,0,0,0,0,0,0,0,0,0,0,0,0
2015-06-04,0.455119127626,,,,,,,,,,,,,,,,,,,0,0,0,0,0,0,0,0,0,0,0,0,0,0,0,0,0,1,0,0,0,0,0,0,0,0,0,0,0,0,0,0,0,0,0,0
2015-06-05,0.51047932881,,,,,,,,,,,,,,,,,,,0,0,0,0,0,0,0,0,0,0,0,0,0,0,0,1,0,0,0,0,0,0,0,0,0,0,0,0,0,0,0,0,0,0,0,0
2015-06-06,0.789028551608,,,,,,,,,,,,,,,,,,,1,0,0,0,0,0,0,0,0,0,0,0,0,0,0,0,0,0,0,0,0,0,0,0,0,0,0,0,0,0,0,0,0,0,0,0
2015-06-07,0.895475534936,,,,,,,,,,,,,,,,,,,1,0,0,0,0,0,0,0,0,0,0,0,0,0,0,0,0,0,0,0,0,0,0,0,0,0,0,0,0,0,0,0,0,0,0,0
2015-06-08,0.438025451471,,,,,,,,,,,,,,,,,,,0,0,0,0,0,0,0,0,0,0,0,0,0,0,0,0,1,0,0,0,0,0,0,0,0,0,0,0,0,0,0,0,0,0,0,0
2015-06-09,0.369844993171,,,,,,,,,,,,,,,,,,,0,0,0,0,0,0,0,0,0,0,0,0,0,0,0,0,0,1,0,0,0,0,0,0,0,0,0,0,0,0,0,0,0,0,0,0
2015-06-10,0.328470527023,,,,,,,,,,,,,,,,,,,0,0,0,0,0,0,0,0,0,0,0,0,0,0,0,0,0,1,0,0,0,0,0,0,0,0,0,0,0,0,0,0,0,0,0,0
2015-06-11,0.321866152145,,,,,,,,,,,,,,,,,,,0,0,0,0,0,0,0,0,0,0,0,0,0,0,0,0,0,1,0,0,0,0,0,0,0,0,0,0,0,0,0,0,0,0,0,0
2015-06-12,0.392766058924,,,,,,,,,,,,,,,,,,,0,0,0,0,0,0,0,0,0,0,0,0,0,0,0,1,0,0,0,0,0,0,0,0,0,0,0,0,0,0,0,0,0,0,0,0
2015-06-13,0.864784616385,,,,,,,,,,,,,,,,,,,1,0,0,0,0,0,0,0,0,0,0,0,0,0,0,0,0,0,0,0,0,0,0,0,0,0,0,0,0,0,0,0,0,0,0,0
2015-06-14,0.956663125718,,,,,,,,,,,,,,,,,,,1,0,0,0,0,0,0,0,0,0,0,0,0,0,0,0,0,0,0,0,0,0,0,0,0,0,0,0,0,0,0,0,0,0,0,0
