,skiers,new_24,basedepth,open_trails,open_lifts,open_percent,tot_snow,week_snow_tot,2day_snow_tot,3day_snow_tot,4day_snow_tot,5day_snow_tot,6day_snow_tot,day_0.0,day_1.0,day_2.0,day_3.0,day_4.0,day_5.0,day_6.0,month_1,month_2,month_3,month_4,month_11,month_12,vet_day,thanksgiv,xmas,new_years,mlk_day,pres_day,new_years_sat,mlk_sat,new_years_sun,mlk_sun,new_years_fri,mlk_fri,new_years_mon,mlk_mon,spring_break,spring_break_ends
2011-11-10,573.576923077,0.0,15.0,0.0,0.0,0.0,0.0,7.13057324841,2.01234567901,3.03726708075,4.075,5.08490566038,6.11392405063,0.0,0.0,0.0,0.0,0.0,0.0,0.0,0.0,0.0,0.0,0.0,1.0,0.0,1,0,0.0,0,0,0,0.0,0.0,0.0,0.0,0.0,0.0,0.0,0.0,0,0
2011-11-11,573.576923077,1.00914634146,41.5152439024,75.7865853659,13.9115853659,43.262195122,83.9451219512,7.13057324841,2.01234567901,3.03726708075,4.075,5.08490566038,6.11392405063,0.0,0.0,0.0,0.0,0.0,0.0,0.0,0.0,0.0,0.0,0.0,1.0,0.0,1,0,0.0,0,0,0,0.0,0.0,0.0,0.0,0.0,0.0,0.0,0.0,0,0
2011-11-12,0.0,0.0,18.0,0.0,0.0,0.0,0.0,7.13057324841,2.01234567901,3.03726708075,4.075,5.08490566038,6.11392405063,0.0,0.0,0.0,0.0,0.0,1.0,0.0,0.0,0.0,0.0,0.0,1.0,0.0,0,0,0.0,0,0,0,0.0,0.0,0.0,0.0,0.0,0.0,0.0,0.0,0,0
2011-11-13,44.0,1.0,18.0,0.0,0.0,0.0,1.0,7.13057324841,0.0,3.03726708075,4.075,5.08490566038,6.11392405063,0.0,0.0,0.0,0.0,0.0,0.0,1.0,0.0,0.0,0.0,0.0,1.0,0.0,0,0,0.0,0,0,0,0.0,0.0,0.0,0.0,0.0,0.0,0.0,0.0,0,0
2011-11-14,-1467.0,3.0,18.0,0.0,0.0,0.0,4.0,7.13057324841,1.0,1.0,4.075,5.08490566038,6.11392405063,1.0,0.0,0.0,0.0,0.0,0.0,0.0,0.0,0.0,0.0,0.0,1.0,0.0,0,0,0.0,0,0,0,0.0,0.0,0.0,0.0,0.0,0.0,0.0,0.0,0,0
2011-11-15,-1580.0,0.0,18.0,0.0,0.0,0.0,4.0,7.13057324841,4.0,4.0,4.0,5.08490566038,6.11392405063,0.0,1.0,0.0,0.0,0.0,0.0,0.0,0.0,0.0,0.0,0.0,1.0,0.0,0,0,0.0,0,0,0,0.0,0.0,0.0,0.0,0.0,0.0,0.0,0.0,0,0
2011-11-16,-1315.0,1.0,18.0,0.0,0.0,0.0,5.0,7.13057324841,3.0,4.0,4.0,4.0,6.11392405063,0.0,0.0,1.0,0.0,0.0,0.0,0.0,0.0,0.0,0.0,0.0,1.0,0.0,0,0,0.0,0,0,0,0.0,0.0,0.0,0.0,0.0,0.0,0.0,0.0,0,0
2011-11-17,-1202.0,1.0,18.0,0.0,0.0,0.0,6.0,7.13057324841,1.0,4.0,5.0,5.0,5.0,0.0,0.0,0.0,1.0,0.0,0.0,0.0,0.0,0.0,0.0,0.0,1.0,0.0,0,0,0.0,0,0,0,0.0,0.0,0.0,0.0,0.0,0.0,0.0,0.0,0,0
2011-11-18,-1176.0,0.0,18.0,0.0,0.0,0.0,6.0,6.0,2.0,2.0,5.0,6.0,6.0,0.0,0.0,0.0,0.0,1.0,0.0,0.0,0.0,0.0,0.0,0.0,1.0,0.0,0,0,0.0,0,0,0,0.0,0.0,0.0,0.0,0.0,0.0,0.0,0.0,0,0
2011-11-19,23.0,1.0,18.0,0.0,0.0,0.0,7.0,6.0,1.0,2.0,2.0,5.0,6.0,0.0,0.0,0.0,0.0,0.0,1.0,0.0,0.0,0.0,0.0,0.0,1.0,0.0,0,739,0.0,0,0,0,0.0,0.0,0.0,0.0,0.0,0.0,0.0,0.0,0,0
2011-11-20,738.0,4.0,18.0,0.0,0.0,0.0,11.0,7.0,1.0,2.0,3.0,3.0,6.0,0.0,0.0,0.0,0.0,0.0,0.0,1.0,0.0,0.0,0.0,0.0,1.0,0.0,0,-1098,0.0,0,0,0,0.0,0.0,0.0,0.0,0.0,0.0,0.0,0.0,0,0
2011-11-21,-546.0,0.0,18.0,0.0,0.0,0.0,11.0,10.0,5.0,5.0,6.0,7.0,7.0,1.0,0.0,0.0,0.0,0.0,0.0,0.0,0.0,0.0,0.0,0.0,1.0,0.0,0,-33,0.0,0,0,0,0.0,0.0,0.0,0.0,0.0,0.0,0.0,0.0,0,0
2011-11-22,-635.0,2.0,18.0,0.0,0.0,0.0,13.0,7.0,4.0,5.0,5.0,6.0,7.0,0.0,1.0,0.0,0.0,0.0,0.0,0.0,0.0,0.0,0.0,0.0,1.0,0.0,0,367,0.0,0,0,0,0.0,0.0,0.0,0.0,0.0,0.0,0.0,0.0,0,0
2011-11-23,-265.0,0.0,18.0,0.0,0.0,0.0,13.0,9.0,2.0,6.0,7.0,7.0,8.0,0.0,0.0,1.0,0.0,0.0,0.0,0.0,0.0,0.0,0.0,0.0,1.0,0.0,0,1622,0.0,0,0,0,0.0,0.0,0.0,0.0,0.0,0.0,0.0,0.0,0,0
2011-11-24,1369.0,0.0,18.0,0.0,0.0,0.0,13.0,8.0,2.0,2.0,6.0,7.0,7.0,0.0,0.0,0.0,1.0,0.0,0.0,0.0,0.0,0.0,0.0,0.0,1.0,0.0,0,775,0.0,0,0,0,0.0,0.0,0.0,0.0,0.0,0.0,0.0,0.0,0,0
2011-11-25,2162.0,0.0,18.0,0.0,0.0,0.0,13.0,7.0,0.0,2.0,2.0,6.0,7.0,0.0,0.0,0.0,0.0,1.0,0.0,0.0,0.0,0.0,0.0,0.0,1.0,0.0,0,1094,0.0,0,0,0,0.0,0.0,0.0,0.0,0.0,0.0,0.0,0.0,0,0
2011-11-26,3350.0,3.0,18.0,0.0,0.0,0.0,16.0,7.0,0.0,0.0,2.0,2.0,6.0,0.0,0.0,0.0,0.0,0.0,1.0,0.0,0.0,0.0,0.0,0.0,1.0,0.0,0,-1576,0.0,0,0,0,0.0,0.0,0.0,0.0,0.0,0.0,0.0,0.0,0,0
2011-11-27,573.576923077,0.0,18.0,0.0,0.0,0.0,16.0,9.0,3.0,3.0,3.0,5.0,5.0,0.0,0.0,0.0,0.0,0.0,0.0,0.0,0.0,0.0,0.0,0.0,1.0,0.0,0,-3029,0.0,0,0,0,0.0,0.0,0.0,0.0,0.0,0.0,0.0,0.0,0,0
2011-11-28,1909.0,0.0,18.0,0.0,0.0,0.0,16.0,5.0,3.0,3.0,3.0,3.0,5.0,1.0,0.0,0.0,0.0,0.0,0.0,0.0,0.0,0.0,0.0,0.0,1.0,0.0,0,-397,0.0,0,0,0,0.0,0.0,0.0,0.0,0.0,0.0,0.0,0.0,0,0
2011-11-29,1503.0,0.0,18.0,0.0,0.0,0.0,16.0,5.0,0.0,3.0,3.0,3.0,3.0,0.0,1.0,0.0,0.0,0.0,0.0,0.0,0.0,0.0,0.0,0.0,1.0,0.0,0,0,0.0,0,0,0,0.0,0.0,0.0,0.0,0.0,0.0,0.0,0.0,0,0
2011-11-30,1526.0,0.0,18.0,0.0,0.0,0.0,16.0,3.0,0.0,0.0,3.0,3.0,3.0,0.0,0.0,1.0,0.0,0.0,0.0,0.0,0.0,0.0,0.0,0.0,1.0,0.0,0,0,0.0,0,0,0,0.0,0.0,0.0,0.0,0.0,0.0,0.0,0.0,0,0
2011-12-01,1567.0,0.0,18.0,0.0,0.0,0.0,16.0,3.0,0.0,0.0,0.0,3.0,3.0,0.0,0.0,0.0,1.0,0.0,0.0,0.0,0.0,0.0,0.0,0.0,0.0,1.0,0,0,0.0,0,0,0,0.0,0.0,0.0,0.0,0.0,0.0,0.0,0.0,0,0
2011-12-02,1721.0,0.0,18.0,0.0,0.0,0.0,16.0,3.0,0.0,0.0,0.0,0.0,3.0,0.0,0.0,0.0,0.0,1.0,0.0,0.0,0.0,0.0,0.0,0.0,0.0,1.0,0,0,0.0,0,0,0,0.0,0.0,0.0,0.0,0.0,0.0,0.0,0.0,0,0
2011-12-03,3347.0,0.0,18.0,0.0,0.0,0.0,16.0,3.0,0.0,0.0,0.0,0.0,0.0,0.0,0.0,0.0,0.0,0.0,1.0,0.0,0.0,0.0,0.0,0.0,0.0,1.0,0,0,0.0,0,0,0,0.0,0.0,0.0,0.0,0.0,0.0,0.0,0.0,0,0
2011-12-04,3675.0,3.0,18.0,0.0,0.0,0.0,19.0,0.0,0.0,0.0,0.0,0.0,0.0,0.0,0.0,0.0,0.0,0.0,0.0,1.0,0.0,0.0,0.0,0.0,0.0,1.0,0,0,0.0,0,0,0,0.0,0.0,0.0,0.0,0.0,0.0,0.0,0.0,0,0
2011-12-05,1950.0,1.0,18.0,0.0,0.0,0.0,20.0,3.0,3.0,3.0,3.0,3.0,3.0,1.0,0.0,0.0,0.0,0.0,0.0,0.0,0.0,0.0,0.0,0.0,0.0,1.0,0,0,0.0,0,0,0,0.0,0.0,0.0,0.0,0.0,0.0,0.0,0.0,0,0
2011-12-06,1830.0,0.0,18.0,18.0,6.0,7.0,20.0,4.0,4.0,4.0,4.0,4.0,4.0,0.0,1.0,0.0,0.0,0.0,0.0,0.0,0.0,0.0,0.0,0.0,0.0,1.0,0,0,0.0,0,0,0,0.0,0.0,0.0,0.0,0.0,0.0,0.0,0.0,0,0
2011-12-07,1825.0,0.0,18.0,17.0,6.0,7.0,20.0,4.0,1.0,4.0,4.0,4.0,4.0,0.0,0.0,1.0,0.0,0.0,0.0,0.0,0.0,0.0,0.0,0.0,0.0,1.0,0,0,0.0,0,0,0,0.0,0.0,0.0,0.0,0.0,0.0,0.0,0.0,0,0
2011-12-08,1853.0,0.0,18.0,17.0,6.0,7.0,20.0,4.0,0.0,1.0,4.0,4.0,4.0,0.0,0.0,0.0,1.0,0.0,0.0,0.0,0.0,0.0,0.0,0.0,0.0,1.0,0,0,0.0,0,0,0,0.0,0.0,0.0,0.0,0.0,0.0,0.0,0.0,0,0
2011-12-09,2104.0,1.0,18.0,19.0,6.0,7.0,21.0,4.0,0.0,0.0,1.0,4.0,4.0,0.0,0.0,0.0,0.0,1.0,0.0,0.0,0.0,0.0,0.0,0.0,0.0,1.0,0,0,0.0,0,0,0,0.0,0.0,0.0,0.0,0.0,0.0,0.0,0.0,0,0
2011-12-10,3566.0,0.0,18.0,21.0,8.0,7.0,21.0,5.0,1.0,1.0,1.0,2.0,5.0,0.0,0.0,0.0,0.0,0.0,1.0,0.0,0.0,0.0,0.0,0.0,0.0,1.0,0,0,0.0,0,0,0,0.0,0.0,0.0,0.0,0.0,0.0,0.0,0.0,0,0
2011-12-11,3791.0,0.0,18.0,21.0,7.0,7.0,21.0,5.0,1.0,1.0,1.0,1.0,2.0,0.0,0.0,0.0,0.0,0.0,0.0,1.0,0.0,0.0,0.0,0.0,0.0,1.0,0,0,0.0,0,0,0,0.0,0.0,0.0,0.0,0.0,0.0,0.0,0.0,0,0
2011-12-12,2081.0,0.0,18.0,21.0,6.0,7.0,21.0,2.0,0.0,1.0,1.0,1.0,1.0,1.0,0.0,0.0,0.0,0.0,0.0,0.0,0.0,0.0,0.0,0.0,0.0,1.0,0,0,0.0,0,0,0,0.0,0.0,0.0,0.0,0.0,0.0,0.0,0.0,0,0
2011-12-13,1916.0,0.0,18.0,22.0,8.0,7.0,21.0,1.0,0.0,0.0,1.0,1.0,1.0,0.0,1.0,0.0,0.0,0.0,0.0,0.0,0.0,0.0,0.0,0.0,0.0,1.0,0,0,0.0,0,0,0,0.0,0.0,0.0,0.0,0.0,0.0,0.0,0.0,0,0
2011-12-14,1940.0,1.0,18.0,23.0,8.0,8.0,22.0,1.0,0.0,0.0,0.0,1.0,1.0,0.0,0.0,1.0,0.0,0.0,0.0,0.0,0.0,0.0,0.0,0.0,0.0,1.0,0,0,0.0,0,0,0,0.0,0.0,0.0,0.0,0.0,0.0,0.0,0.0,0,0
2011-12-15,1962.0,3.0,21.0,23.0,8.0,8.0,25.0,2.0,1.0,1.0,1.0,1.0,2.0,0.0,0.0,0.0,1.0,0.0,0.0,0.0,0.0,0.0,0.0,0.0,0.0,1.0,0,0,0.0,0,0,0,0.0,0.0,0.0,0.0,0.0,0.0,0.0,0.0,0,0
2011-12-16,2239.0,0.0,21.0,32.0,12.0,12.0,25.0,5.0,4.0,4.0,4.0,4.0,4.0,0.0,0.0,0.0,0.0,1.0,0.0,0.0,0.0,0.0,0.0,0.0,0.0,1.0,0,0,0.0,0,0,0,0.0,0.0,0.0,0.0,0.0,0.0,0.0,0.0,0,0
2011-12-17,4009.0,0.0,21.0,31.0,13.0,15.0,25.0,4.0,3.0,4.0,4.0,4.0,4.0,0.0,0.0,0.0,0.0,0.0,1.0,0.0,0.0,0.0,0.0,0.0,0.0,1.0,0,0,0.0,0,0,0,0.0,0.0,0.0,0.0,0.0,0.0,0.0,0.0,0,0
2011-12-18,4964.0,0.0,21.0,34.0,14.0,15.0,25.0,4.0,0.0,3.0,4.0,4.0,4.0,0.0,0.0,0.0,0.0,0.0,0.0,1.0,0.0,0.0,0.0,0.0,0.0,1.0,0,0,0.0,0,0,0,0.0,0.0,0.0,0.0,0.0,0.0,0.0,0.0,0,0
2011-12-19,4146.0,0.0,21.0,37.0,14.0,15.0,25.0,4.0,0.0,0.0,3.0,4.0,4.0,1.0,0.0,0.0,0.0,0.0,0.0,0.0,0.0,0.0,0.0,0.0,0.0,1.0,0,0,0.0,0,0,0,0.0,0.0,0.0,0.0,0.0,0.0,0.0,0.0,0,0
2011-12-20,4004.0,0.0,21.0,37.0,13.0,15.0,25.0,4.0,0.0,0.0,0.0,3.0,4.0,0.0,1.0,0.0,0.0,0.0,0.0,0.0,0.0,0.0,0.0,0.0,0.0,1.0,0,0,0.0,0,0,0,0.0,0.0,0.0,0.0,0.0,0.0,0.0,0.0,0,0
2011-12-21,4216.0,0.0,21.0,37.0,13.0,15.0,25.0,4.0,0.0,0.0,0.0,0.0,3.0,0.0,0.0,1.0,0.0,0.0,0.0,0.0,0.0,0.0,0.0,0.0,0.0,1.0,0,0,0.0,0,0,0,0.0,0.0,0.0,0.0,0.0,0.0,0.0,0.0,0,0
2011-12-22,4245.0,6.0,26.0,38.0,13.0,15.0,31.0,3.0,0.0,0.0,0.0,0.0,0.0,0.0,0.0,0.0,1.0,0.0,0.0,0.0,0.0,0.0,0.0,0.0,0.0,1.0,0,0,0.0,0,0,0,0.0,0.0,0.0,0.0,0.0,0.0,0.0,0.0,0,0
2011-12-23,4651.0,0.0,26.0,42.0,13.0,20.0,31.0,6.0,6.0,6.0,6.0,6.0,6.0,0.0,0.0,0.0,0.0,1.0,0.0,0.0,0.0,0.0,0.0,0.0,0.0,1.0,0,0,1.6,0,0,0,0.0,0.0,0.0,0.0,0.0,0.0,0.0,0.0,0,0
2011-12-24,5516.0,0.0,26.0,42.0,14.0,20.0,31.0,6.0,6.0,6.0,6.0,6.0,6.0,0.0,0.0,0.0,0.0,0.0,1.0,0.0,0.0,0.0,0.0,0.0,0.0,1.0,0,0,1.5,0,0,0,0.0,0.0,0.0,0.0,0.0,0.0,0.0,0.0,0,0
2011-12-25,5962.0,0.0,26.0,42.0,14.0,20.0,31.0,6.0,0.0,6.0,6.0,6.0,6.0,0.0,0.0,0.0,0.0,0.0,0.0,1.0,0.0,0.0,0.0,0.0,0.0,1.0,0,0,0.4,0,0,0,0.0,0.0,0.0,0.0,0.0,0.0,0.0,0.0,0,0
2011-12-26,6518.0,0.0,26.0,54.0,14.0,20.0,31.0,6.0,0.0,0.0,6.0,6.0,6.0,1.0,0.0,0.0,0.0,0.0,0.0,0.0,0.0,0.0,0.0,0.0,0.0,1.0,0,0,0.6,0,0,0,0.0,0.0,0.0,0.0,0.0,0.0,0.0,0.0,0,0
2011-12-27,7406.0,0.0,26.0,58.0,15.0,20.0,31.0,6.0,0.0,0.0,0.0,6.0,6.0,0.0,1.0,0.0,0.0,0.0,0.0,0.0,0.0,0.0,0.0,0.0,0.0,1.0,0,0,0.8,1,0,0,0.0,0.0,0.0,0.0,0.0,0.0,0.0,0.0,0,0
2011-12-28,7807.0,0.0,26.0,65.0,15.0,20.0,31.0,6.0,0.0,0.0,0.0,0.0,6.0,0.0,0.0,1.0,0.0,0.0,0.0,0.0,0.0,0.0,0.0,0.0,0.0,1.0,0,0,1.0,1,0,0,0.0,0.0,0.0,0.0,0.0,0.0,0.0,0.0,0,0
2011-12-29,8210.0,0.0,26.0,67.0,15.0,20.0,31.0,6.0,0.0,0.0,0.0,0.0,0.0,0.0,0.0,0.0,1.0,0.0,0.0,0.0,0.0,0.0,0.0,0.0,0.0,1.0,0,0,1.4,1,0,0,0.0,0.0,0.0,0.0,0.0,0.0,0.0,0.0,0,0
2011-12-30,8632.0,0.0,26.0,56.0,14.0,20.0,31.0,0.0,0.0,0.0,0.0,0.0,0.0,0.0,0.0,0.0,0.0,1.0,0.0,0.0,0.0,0.0,0.0,0.0,0.0,1.0,0,0,1.7,1,0,0,0.0,0.0,0.0,0.0,1.0,0.0,0.0,0.0,0,0
2011-12-31,9640.0,0.0,26.0,55.0,14.0,20.0,31.0,0.0,0.0,0.0,0.0,0.0,0.0,0.0,0.0,0.0,0.0,0.0,1.0,0.0,0.0,0.0,0.0,0.0,0.0,1.0,0,0,0.9,1,0,0,1.0,0.0,0.0,0.0,0.0,0.0,0.0,0.0,0,0
2012-01-01,9685.0,4.0,28.0,55.0,14.0,20.0,35.0,0.0,0.0,0.0,0.0,0.0,0.0,0.0,0.0,0.0,0.0,0.0,0.0,1.0,1.0,0.0,0.0,0.0,0.0,0.0,0,0,0.0,1,0,0,0.0,0.0,1.0,0.0,0.0,0.0,0.0,0.0,0,0
2012-01-02,6655.0,0.0,28.0,56.0,14.0,20.0,35.0,4.0,4.0,4.0,4.0,4.0,4.0,1.0,0.0,0.0,0.0,0.0,0.0,0.0,1.0,0.0,0.0,0.0,0.0,0.0,0,0,0.0,1,0,0,0.0,0.0,0.0,0.0,0.0,0.0,1.0,0.0,0,0
2012-01-03,3654.0,0.0,28.0,63.0,15.0,20.0,35.0,4.0,4.0,4.0,4.0,4.0,4.0,0.0,1.0,0.0,0.0,0.0,0.0,0.0,1.0,0.0,0.0,0.0,0.0,0.0,0,0,0.0,1,0,0,0.0,0.0,0.0,0.0,0.0,0.0,0.0,0.0,0,0
2012-01-04,3024.0,0.0,28.0,63.0,15.0,20.0,35.0,4.0,0.0,4.0,4.0,4.0,4.0,0.0,0.0,1.0,0.0,0.0,0.0,0.0,1.0,0.0,0.0,0.0,0.0,0.0,0,0,0.0,1,0,0,0.0,0.0,0.0,0.0,0.0,0.0,0.0,0.0,0,0
2012-01-05,2993.0,0.0,31.0,63.0,15.0,20.0,35.0,4.0,0.0,0.0,4.0,4.0,4.0,0.0,0.0,0.0,1.0,0.0,0.0,0.0,1.0,0.0,0.0,0.0,0.0,0.0,0,0,0.0,1,0,0,0.0,0.0,0.0,0.0,0.0,0.0,0.0,0.0,0,0
2012-01-06,3124.0,0.0,31.0,63.0,15.0,20.0,35.0,4.0,0.0,0.0,0.0,4.0,4.0,0.0,0.0,0.0,0.0,1.0,0.0,0.0,1.0,0.0,0.0,0.0,0.0,0.0,0,0,0.0,1,0,0,0.0,0.0,0.0,0.0,1.0,0.0,0.0,0.0,0,0
2012-01-07,4577.0,0.0,31.0,63.0,15.0,20.0,35.0,4.0,0.0,0.0,0.0,0.0,4.0,0.0,0.0,0.0,0.0,0.0,1.0,0.0,1.0,0.0,0.0,0.0,0.0,0.0,0,0,0.0,1,0,0,1.0,0.0,0.0,0.0,0.0,0.0,0.0,0.0,0,0
2012-01-08,4699.0,7.0,30.0,63.0,15.0,20.0,42.0,4.0,0.0,0.0,0.0,0.0,0.0,0.0,0.0,0.0,0.0,0.0,0.0,1.0,1.0,0.0,0.0,0.0,0.0,0.0,0,0,0.0,1,0,0,0.0,0.0,1.0,0.0,0.0,0.0,0.0,0.0,0,0
2012-01-09,2716.0,0.0,38.0,71.0,15.0,25.0,42.0,7.0,7.0,7.0,7.0,7.0,7.0,1.0,0.0,0.0,0.0,0.0,0.0,0.0,1.0,0.0,0.0,0.0,0.0,0.0,0,0,0.0,0,0,0,0.0,0.0,0.0,0.0,0.0,0.0,0.0,0.0,0,0
2012-01-10,2395.0,0.0,38.0,72.0,15.0,25.0,42.0,7.0,7.0,7.0,7.0,7.0,7.0,0.0,1.0,0.0,0.0,0.0,0.0,0.0,1.0,0.0,0.0,0.0,0.0,0.0,0,0,0.0,0,0,0,0.0,0.0,0.0,0.0,0.0,0.0,0.0,0.0,0,0
2012-01-11,2354.0,4.0,39.0,80.0,16.0,30.0,46.0,7.0,0.0,7.0,7.0,7.0,7.0,0.0,0.0,1.0,0.0,0.0,0.0,0.0,1.0,0.0,0.0,0.0,0.0,0.0,0,0,0.0,0,0,0,0.0,0.0,0.0,0.0,0.0,0.0,0.0,0.0,0,0
2012-01-12,2421.0,4.0,41.0,88.0,16.0,35.0,50.0,11.0,4.0,4.0,11.0,11.0,11.0,0.0,0.0,0.0,1.0,0.0,0.0,0.0,1.0,0.0,0.0,0.0,0.0,0.0,0,0,0.0,0,0,0,0.0,0.0,0.0,0.0,0.0,0.0,0.0,0.0,0,0
2012-01-13,2770.0,0.0,40.0,89.0,16.0,30.0,50.0,15.0,8.0,8.0,8.0,15.0,15.0,0.0,0.0,0.0,0.0,1.0,0.0,0.0,1.0,0.0,0.0,0.0,0.0,0.0,0,0,0.0,0,1,0,0.0,0.0,0.0,0.0,0.0,1.0,0.0,0.0,0,0
2012-01-14,5651.0,0.0,40.0,90.0,16.0,30.0,50.0,15.0,4.0,8.0,8.0,8.0,15.0,0.0,0.0,0.0,0.0,0.0,1.0,0.0,1.0,0.0,0.0,0.0,0.0,0.0,0,0,0.0,0,1,0,0.0,1.0,0.0,0.0,0.0,0.0,0.0,0.0,0,0
2012-01-15,7047.0,0.0,40.0,90.0,16.0,30.0,50.0,15.0,0.0,4.0,8.0,8.0,8.0,0.0,0.0,0.0,0.0,0.0,0.0,1.0,1.0,0.0,0.0,0.0,0.0,0.0,0,0,0.0,0,1,0,0.0,0.0,0.0,1.0,0.0,0.0,0.0,0.0,0,0
2012-01-16,4763.0,0.0,38.0,90.0,21.0,30.0,50.0,8.0,0.0,0.0,4.0,8.0,8.0,1.0,0.0,0.0,0.0,0.0,0.0,0.0,1.0,0.0,0.0,0.0,0.0,0.0,0,0,0.0,0,1,0,0.0,0.0,0.0,0.0,0.0,0.0,0.0,1.0,0,0
2012-01-17,2131.0,8.0,45.0,91.0,21.0,30.0,58.0,8.0,0.0,0.0,0.0,4.0,8.0,0.0,1.0,0.0,0.0,0.0,0.0,0.0,1.0,0.0,0.0,0.0,0.0,0.0,0,0,0.0,0,0,0,0.0,0.0,0.0,0.0,0.0,0.0,0.0,0.0,0,0
2012-01-18,1870.0,0.0,45.0,91.0,14.0,30.0,58.0,16.0,8.0,8.0,8.0,8.0,12.0,0.0,0.0,1.0,0.0,0.0,0.0,0.0,1.0,0.0,0.0,0.0,0.0,0.0,0,0,0.0,0,0,0,0.0,0.0,0.0,0.0,0.0,0.0,0.0,0.0,0,0
2012-01-19,1822.0,1.0,44.0,93.0,18.0,35.0,59.0,12.0,8.0,8.0,8.0,8.0,8.0,0.0,0.0,0.0,1.0,0.0,0.0,0.0,1.0,0.0,0.0,0.0,0.0,0.0,0,0,0.0,0,0,0,0.0,0.0,0.0,0.0,0.0,0.0,0.0,0.0,0,0
2012-01-20,2356.0,3.0,44.0,93.0,18.0,40.0,62.0,9.0,1.0,9.0,9.0,9.0,9.0,0.0,0.0,0.0,0.0,1.0,0.0,0.0,1.0,0.0,0.0,0.0,0.0,0.0,0,0,0.0,0,0,0,0.0,0.0,0.0,0.0,0.0,0.0,0.0,0.0,0,0
2012-01-21,5617.0,2.0,46.0,96.0,20.0,40.0,64.0,12.0,4.0,4.0,12.0,12.0,12.0,0.0,0.0,0.0,0.0,0.0,1.0,0.0,1.0,0.0,0.0,0.0,0.0,0.0,0,0,0.0,0,0,0,0.0,0.0,0.0,0.0,0.0,0.0,0.0,0.0,0,0
2012-01-22,6596.0,5.0,48.0,95.0,20.0,40.0,69.0,14.0,5.0,6.0,6.0,14.0,14.0,0.0,0.0,0.0,0.0,0.0,0.0,1.0,1.0,0.0,0.0,0.0,0.0,0.0,0,0,0.0,0,0,0,0.0,0.0,0.0,0.0,0.0,0.0,0.0,0.0,0,0
2012-01-23,2665.0,1.0,48.0,95.0,20.0,40.0,70.0,19.0,7.0,10.0,11.0,11.0,19.0,1.0,0.0,0.0,0.0,0.0,0.0,0.0,1.0,0.0,0.0,0.0,0.0,0.0,0,0,0.0,0,0,0,0.0,0.0,0.0,0.0,0.0,0.0,0.0,0.0,0,0
2012-01-24,1961.0,0.0,48.0,95.0,18.0,40.0,70.0,20.0,6.0,8.0,11.0,12.0,12.0,0.0,1.0,0.0,0.0,0.0,0.0,0.0,1.0,0.0,0.0,0.0,0.0,0.0,0,0,0.0,0,0,0,0.0,0.0,0.0,0.0,0.0,0.0,0.0,0.0,0,0
2012-01-25,1906.0,2.0,49.0,95.0,17.0,40.0,72.0,12.0,1.0,6.0,8.0,11.0,12.0,0.0,0.0,1.0,0.0,0.0,0.0,0.0,1.0,0.0,0.0,0.0,0.0,0.0,0,0,0.0,0,0,0,0.0,0.0,0.0,0.0,0.0,0.0,0.0,0.0,0,0
2012-01-26,2026.0,0.0,49.0,106.0,19.0,45.0,72.0,14.0,2.0,3.0,8.0,10.0,13.0,0.0,0.0,0.0,1.0,0.0,0.0,0.0,1.0,0.0,0.0,0.0,0.0,0.0,0,0,0.0,0,0,0,0.0,0.0,0.0,0.0,0.0,0.0,0.0,0.0,0,0
2012-01-27,573.576923077,6.0,50.0,108.0,19.0,50.0,78.0,13.0,2.0,2.0,3.0,8.0,10.0,0.0,0.0,0.0,0.0,0.0,0.0,0.0,1.0,0.0,0.0,0.0,0.0,0.0,0,0,0.0,0,0,0,0.0,0.0,0.0,0.0,0.0,0.0,0.0,0.0,0,0
2012-01-28,2821.0,1.0,53.0,111.0,23.0,50.0,79.0,16.0,6.0,8.0,8.0,9.0,14.0,0.0,0.0,0.0,0.0,0.0,1.0,0.0,1.0,0.0,0.0,0.0,0.0,0.0,0,0,0.0,0,0,0,0.0,0.0,0.0,0.0,0.0,0.0,0.0,0.0,0,0
2012-01-29,3617.0,0.0,53.0,112.0,23.0,55.0,79.0,15.0,7.0,7.0,9.0,9.0,10.0,0.0,0.0,0.0,0.0,0.0,0.0,1.0,1.0,0.0,0.0,0.0,0.0,0.0,0,0,0.0,0,0,0,0.0,0.0,0.0,0.0,0.0,0.0,0.0,0.0,0,0
2012-01-30,-214.0,0.0,52.0,111.0,20.0,55.0,79.0,10.0,1.0,7.0,7.0,9.0,9.0,1.0,0.0,0.0,0.0,0.0,0.0,0.0,1.0,0.0,0.0,0.0,0.0,0.0,0,0,0.0,0,0,0,0.0,0.0,0.0,0.0,0.0,0.0,0.0,0.0,0,0
2012-01-31,-660.0,0.0,52.0,113.0,19.0,55.0,79.0,9.0,0.0,1.0,7.0,7.0,9.0,0.0,1.0,0.0,0.0,0.0,0.0,0.0,1.0,0.0,0.0,0.0,0.0,0.0,0,0,0.0,0,0,0,0.0,0.0,0.0,0.0,0.0,0.0,0.0,0.0,0,0
2012-02-01,-1496.0,0.0,52.0,113.0,19.0,55.0,79.0,9.0,0.0,0.0,1.0,7.0,7.0,0.0,0.0,1.0,0.0,0.0,0.0,0.0,0.0,1.0,0.0,0.0,0.0,0.0,0,0,0.0,0,0,0,0.0,0.0,0.0,0.0,0.0,0.0,0.0,0.0,0,0
2012-02-02,-1468.0,0.0,47.0,113.0,19.0,55.0,79.0,7.0,0.0,0.0,0.0,1.0,7.0,0.0,0.0,0.0,1.0,0.0,0.0,0.0,0.0,1.0,0.0,0.0,0.0,0.0,0,0,0.0,0,0,0,0.0,0.0,0.0,0.0,0.0,0.0,0.0,0.0,0,0
2012-02-03,573.576923077,1.0,47.0,113.0,19.0,55.0,80.0,7.0,0.0,0.0,0.0,0.0,1.0,0.0,0.0,0.0,0.0,0.0,0.0,0.0,0.0,1.0,0.0,0.0,0.0,0.0,0,0,0.0,0,0,0,0.0,0.0,0.0,0.0,0.0,0.0,0.0,0.0,0,0
2012-02-04,-479.0,0.5,43.5,113.0,21.0,55.0,81.0,2.0,1.5,1.5,1.5,1.5,1.5,0.0,0.0,0.0,0.0,0.0,1.0,0.0,0.0,1.0,0.0,0.0,0.0,0.0,0,0,0.0,0,0,0,0.0,0.0,0.0,0.0,0.0,0.0,0.0,0.0,0,0
2012-02-05,-128.0,0.0,47.0,113.0,22.0,55.0,81.0,2.0,1.0,2.0,2.0,2.0,2.0,0.0,0.0,0.0,0.0,0.0,0.0,1.0,0.0,1.0,0.0,0.0,0.0,0.0,0,0,0.0,0,0,0,0.0,0.0,0.0,0.0,0.0,0.0,0.0,0.0,0,0
2012-02-06,-3099.0,0.0,46.0,114.0,18.0,55.0,81.0,2.0,0.0,1.0,2.0,2.0,2.0,1.0,0.0,0.0,0.0,0.0,0.0,0.0,0.0,1.0,0.0,0.0,0.0,0.0,0,0,0.0,0,0,0,0.0,0.0,0.0,0.0,0.0,0.0,0.0,0.0,0,0
2012-02-07,-3800.0,1.0,46.0,114.0,18.0,55.0,82.0,2.0,0.0,0.0,1.0,2.0,2.0,0.0,1.0,0.0,0.0,0.0,0.0,0.0,0.0,1.0,0.0,0.0,0.0,0.0,0,0,0.0,0,0,0,0.0,0.0,0.0,0.0,0.0,0.0,0.0,0.0,0,0
2012-02-08,-3777.0,0.0,46.0,118.0,18.0,55.0,82.0,3.0,1.0,1.0,1.0,2.0,3.0,0.0,0.0,1.0,0.0,0.0,0.0,0.0,0.0,1.0,0.0,0.0,0.0,0.0,0,0,0.0,0,0,0,0.0,0.0,0.0,0.0,0.0,0.0,0.0,0.0,0,0
2012-02-09,-3559.0,4.0,50.0,118.0,18.0,55.0,86.0,3.0,1.0,1.0,1.0,1.0,2.0,0.0,0.0,0.0,1.0,0.0,0.0,0.0,0.0,1.0,0.0,0.0,0.0,0.0,0,0,0.0,0,0,0,0.0,0.0,0.0,0.0,0.0,0.0,0.0,0.0,0,0
2012-02-10,-3080.0,4.0,54.0,120.0,18.0,60.0,90.0,6.0,4.0,5.0,5.0,5.0,5.0,0.0,0.0,0.0,0.0,1.0,0.0,0.0,0.0,1.0,0.0,0.0,0.0,0.0,0,0,0.0,0,0,0,0.0,0.0,0.0,0.0,0.0,0.0,0.0,0.0,0,0
2012-02-11,397.0,4.0,54.0,120.0,23.0,60.0,96.0,11.0,8.0,10.0,10.5,11.0,11.0,0.0,0.0,0.0,0.0,0.0,1.0,0.0,0.0,1.0,0.0,0.0,0.0,0.0,0,0,0.0,0,0,0,0.0,0.0,0.0,0.0,0.0,0.0,0.0,0.0,0,0
2012-02-12,1104.0,0.0,57.0,120.0,23.0,60.0,98.0,17.0,8.0,12.0,16.0,16.0,17.0,0.0,0.0,0.0,0.0,0.0,0.0,1.0,0.0,1.0,0.0,0.0,0.0,0.0,0,0,0.0,0,0,0,0.0,0.0,0.0,0.0,0.0,0.0,0.0,0.0,0,0
2012-02-13,-3159.0,5.0,60.0,120.0,18.0,60.0,103.0,17.0,4.0,8.0,12.0,16.0,16.0,1.0,0.0,0.0,0.0,0.0,0.0,0.0,0.0,1.0,0.0,0.0,0.0,0.0,0,0,0.0,0,0,0,0.0,0.0,0.0,0.0,0.0,0.0,0.0,0.0,0,0
2012-02-14,-3799.0,4.0,63.0,121.0,18.0,70.0,107.0,21.0,5.0,9.0,13.0,17.0,21.0,0.0,1.0,0.0,0.0,0.0,0.0,0.0,0.0,1.0,0.0,0.0,0.0,0.0,0,0,0.0,0,0,-60,0.0,0.0,0.0,0.0,0.0,0.0,0.0,0.0,0,0
2012-02-15,-3827.0,1.0,62.0,123.0,19.0,75.0,108.0,25.0,9.0,9.0,13.0,17.0,21.0,0.0,0.0,1.0,0.0,0.0,0.0,0.0,0.0,1.0,0.0,0.0,0.0,0.0,0,0,0.0,0,0,197,0.0,0.0,0.0,0.0,0.0,0.0,0.0,0.0,0,0
2012-02-16,-3605.0,1.0,60.0,123.0,19.0,75.0,109.0,22.0,5.0,10.0,10.0,14.0,18.0,0.0,0.0,0.0,1.0,0.0,0.0,0.0,0.0,1.0,0.0,0.0,0.0,0.0,0,0,0.0,0,0,1202,0.0,0.0,0.0,0.0,0.0,0.0,0.0,0.0,0,0
2012-02-17,-2570.0,0.0,60.0,127.0,20.0,80.0,109.0,19.0,2.0,6.0,11.0,11.0,15.0,0.0,0.0,0.0,0.0,1.0,0.0,0.0,0.0,1.0,0.0,0.0,0.0,0.0,0,0,0.0,0,0,4511,0.0,0.0,0.0,0.0,0.0,0.0,0.0,0.0,0,0
2012-02-18,1776.0,1.0,60.0,127.0,24.0,80.0,110.0,15.0,1.0,2.0,6.0,11.0,11.0,0.0,0.0,0.0,0.0,0.0,1.0,0.0,0.0,1.0,0.0,0.0,0.0,0.0,0,0,0.0,0,0,1519,0.0,0.0,0.0,0.0,0.0,0.0,0.0,0.0,0,0
2012-02-19,3579.0,0.0,53.0,127.0,23.0,80.0,110.0,12.0,1.0,2.0,3.0,7.0,12.0,0.0,0.0,0.0,0.0,0.0,0.0,1.0,0.0,1.0,0.0,0.0,0.0,0.0,0,0,0.0,0,0,-2643,0.0,0.0,0.0,0.0,0.0,0.0,0.0,0.0,0,0
2012-02-20,573.576923077,4.0,62.0,127.0,23.0,80.0,114.0,12.0,1.0,1.0,2.0,3.0,7.0,0.0,0.0,0.0,0.0,0.0,0.0,0.0,0.0,1.0,0.0,0.0,0.0,0.0,0,0,0.0,0,0,-3989,0.0,0.0,0.0,0.0,0.0,0.0,0.0,0.0,0,0
2012-02-21,1072.0,1.0,61.0,127.0,19.0,80.0,115.0,11.0,4.0,5.0,5.0,6.0,7.0,0.0,1.0,0.0,0.0,0.0,0.0,0.0,0.0,1.0,0.0,0.0,0.0,0.0,0,0,0.0,0,0,0,0.0,0.0,0.0,0.0,0.0,0.0,0.0,0.0,0,0
2012-02-22,312.0,1.0,58.0,127.0,19.0,80.0,116.0,8.0,5.0,5.0,6.0,6.0,7.0,0.0,0.0,1.0,0.0,0.0,0.0,0.0,0.0,1.0,0.0,0.0,0.0,0.0,0,0,0.0,0,0,0,0.0,0.0,0.0,0.0,0.0,0.0,0.0,0.0,0,0
2012-02-23,313.0,7.0,63.0,128.0,19.0,80.0,123.0,8.0,2.0,6.0,6.0,7.0,7.0,0.0,0.0,0.0,1.0,0.0,0.0,0.0,0.0,1.0,0.0,0.0,0.0,0.0,0,0,0.0,0,0,0,0.0,0.0,0.0,0.0,0.0,0.0,0.0,0.0,0,0
2012-02-24,961.0,1.0,63.0,128.0,19.0,80.0,124.0,14.0,8.0,9.0,13.0,13.0,14.0,0.0,0.0,0.0,0.0,1.0,0.0,0.0,0.0,1.0,0.0,0.0,0.0,0.0,0,0,0.0,0,0,0,0.0,0.0,0.0,0.0,0.0,0.0,0.0,0.0,0,0
2012-02-25,4020.0,0.0,61.0,128.0,24.0,80.0,124.0,14.5,4.5,8.5,9.5,12.0,14.0,0.0,0.0,0.0,0.0,0.0,1.0,0.0,0.0,1.0,0.0,0.0,0.0,0.0,0,0,0.0,0,0,0,0.0,0.0,0.0,0.0,0.0,0.0,0.0,0.0,0,0
2012-02-26,4522.0,2.0,61.0,129.0,23.0,80.0,126.0,14.0,0.0,1.0,8.0,9.0,10.0,0.0,0.0,0.0,0.0,0.0,0.0,1.0,0.0,1.0,0.0,0.0,0.0,0.0,0,0,0.0,0,0,0,0.0,0.0,0.0,0.0,0.0,0.0,0.0,0.0,0,0
2012-02-27,509.0,0.0,59.0,129.0,19.0,85.0,126.0,12.0,2.0,2.0,3.0,10.0,11.0,1.0,0.0,0.0,0.0,0.0,0.0,0.0,0.0,1.0,0.0,0.0,0.0,0.0,0,0,0.0,0,0,0,0.0,0.0,0.0,0.0,0.0,0.0,0.0,0.0,0,0
2012-02-28,-287.0,0.0,59.0,129.0,19.0,85.0,126.0,11.0,2.0,2.0,2.0,3.0,10.0,0.0,1.0,0.0,0.0,0.0,0.0,0.0,0.0,1.0,0.0,0.0,0.0,0.0,0,0,0.0,0,0,0,0.0,0.0,0.0,0.0,0.0,0.0,0.0,0.0,0,0
2012-02-29,-254.0,9.0,67.0,129.0,19.0,85.0,135.0,10.0,0.0,2.0,2.0,2.0,3.0,0.0,0.0,1.0,0.0,0.0,0.0,0.0,0.0,1.0,0.0,0.0,0.0,0.0,0,0,0.0,0,0,0,0.0,0.0,0.0,0.0,0.0,0.0,0.0,0.0,0,0
2012-03-01,573.576923077,1.0,64.0,129.0,19.0,85.0,136.0,12.0,9.0,9.0,11.0,11.0,11.0,0.0,0.0,0.0,0.0,0.0,0.0,0.0,0.0,0.0,1.0,0.0,0.0,0.0,0,0,0.0,0,0,0,0.0,0.0,0.0,0.0,0.0,0.0,0.0,0.0,0,0
2012-03-02,573.576923077,6.0,64.0,129.0,19.0,85.0,142.0,12.0,10.0,10.0,10.0,12.0,12.0,0.0,0.0,0.0,0.0,0.0,0.0,0.0,0.0,0.0,1.0,0.0,0.0,0.0,0,0,0.0,0,0,0,0.0,0.0,0.0,0.0,0.0,0.0,0.0,0.0,0,0
2012-03-03,-73.0,1.0,68.0,129.0,24.0,85.0,143.0,18.0,7.0,16.0,16.0,16.0,18.0,0.0,0.0,0.0,0.0,0.0,1.0,0.0,0.0,0.0,1.0,0.0,0.0,0.0,0,0,0.0,0,0,0,0.0,0.0,0.0,0.0,0.0,0.0,0.0,0.0,0,0
2012-03-04,424.0,1.0,64.0,128.0,23.0,85.0,144.0,19.0,7.0,8.0,17.0,17.0,17.0,0.0,0.0,0.0,0.0,0.0,0.0,1.0,0.0,0.0,1.0,0.0,0.0,0.0,0,0,0.0,0,0,0,0.0,0.0,0.0,0.0,0.0,0.0,0.0,0.0,0,0
2012-03-05,-4191.0,2.0,65.0,132.0,19.0,85.0,146.0,18.0,2.0,8.0,9.0,18.0,18.0,1.0,0.0,0.0,0.0,0.0,0.0,0.0,0.0,0.0,1.0,0.0,0.0,0.0,0,0,0.0,0,0,0,0.0,0.0,0.0,0.0,0.0,0.0,0.0,0.0,0,0
2012-03-06,-4904.0,0.0,64.0,132.0,19.0,85.0,146.0,20.0,3.0,4.0,10.0,11.0,20.0,0.0,1.0,0.0,0.0,0.0,0.0,0.0,0.0,0.0,1.0,0.0,0.0,0.0,0,0,0.0,0,0,0,0.0,0.0,0.0,0.0,0.0,0.0,0.0,0.0,0,0
2012-03-07,-4996.0,0.0,63.0,132.0,19.0,85.0,146.0,20.0,2.0,3.0,4.0,10.0,11.0,0.0,0.0,1.0,0.0,0.0,0.0,0.0,0.0,0.0,1.0,0.0,0.0,0.0,0,0,0.0,0,0,0,0.0,0.0,0.0,0.0,0.0,0.0,0.0,0.0,0,0
2012-03-08,-4866.0,0.0,63.0,132.0,19.0,85.0,146.0,11.0,0.0,2.0,3.0,4.0,10.0,0.0,0.0,0.0,1.0,0.0,0.0,0.0,0.0,0.0,1.0,0.0,0.0,0.0,0,0,0.0,0,0,0,0.0,0.0,0.0,0.0,0.0,0.0,0.0,0.0,0,0
2012-03-09,-4386.0,0.0,62.0,132.0,19.0,85.0,146.0,10.0,0.0,0.0,2.0,3.0,4.0,0.0,0.0,0.0,0.0,1.0,0.0,0.0,0.0,0.0,1.0,0.0,0.0,0.0,0,0,0.0,0,0,0,0.0,0.0,0.0,0.0,0.0,0.0,0.0,0.0,0,0
2012-03-10,-1775.0,0.0,62.0,127.0,24.0,85.0,146.0,4.0,0.0,0.0,0.0,2.0,3.0,0.0,0.0,0.0,0.0,0.0,1.0,0.0,0.0,0.0,1.0,0.0,0.0,0.0,0,0,0.0,0,0,0,0.0,0.0,0.0,0.0,0.0,0.0,0.0,0.0,0,0
2012-03-11,573.576923077,0.0,61.0,127.0,23.0,85.0,146.0,3.0,0.0,0.0,0.0,0.0,2.0,0.0,0.0,0.0,0.0,0.0,0.0,0.0,0.0,0.0,1.0,0.0,0.0,0.0,0,0,0.0,0,0,0,0.0,0.0,0.0,0.0,0.0,0.0,0.0,0.0,0,0
2012-03-12,-591.0,0.0,59.0,127.0,19.0,85.0,146.0,2.0,0.0,0.0,0.0,0.0,0.0,1.0,0.0,0.0,0.0,0.0,0.0,0.0,0.0,0.0,1.0,0.0,0.0,0.0,0,0,0.0,0,0,0,0.0,0.0,0.0,0.0,0.0,0.0,0.0,0.0,0,0
2012-03-13,-869.0,0.0,58.0,127.0,19.0,85.0,146.0,0.0,0.0,0.0,0.0,0.0,0.0,0.0,1.0,0.0,0.0,0.0,0.0,0.0,0.0,0.0,1.0,0.0,0.0,0.0,0,0,0.0,0,0,0,0.0,0.0,0.0,0.0,0.0,0.0,0.0,0.0,0,0
2012-03-14,-1023.0,0.0,58.0,127.0,19.0,85.0,146.0,0.0,0.0,0.0,0.0,0.0,0.0,0.0,0.0,1.0,0.0,0.0,0.0,0.0,0.0,0.0,1.0,0.0,0.0,0.0,0,0,0.0,0,0,0,0.0,0.0,0.0,0.0,0.0,0.0,0.0,0.0,0,0
2012-03-15,-1150.0,0.0,58.0,127.0,20.0,85.0,146.0,0.0,0.0,0.0,0.0,0.0,0.0,0.0,0.0,0.0,1.0,0.0,0.0,0.0,0.0,0.0,1.0,0.0,0.0,0.0,0,0,0.0,0,0,0,0.0,0.0,0.0,0.0,0.0,0.0,0.0,0.0,0,0
2012-03-16,-1072.0,0.0,57.0,126.0,20.0,85.0,146.0,0.0,0.0,0.0,0.0,0.0,0.0,0.0,0.0,0.0,0.0,1.0,0.0,0.0,0.0,0.0,1.0,0.0,0.0,0.0,0,0,0.0,0,0,0,0.0,0.0,0.0,0.0,0.0,0.0,0.0,0.0,0,0
2012-03-17,285.0,0.0,57.0,125.0,24.0,85.0,146.0,0.0,0.0,0.0,0.0,0.0,0.0,0.0,0.0,0.0,0.0,0.0,1.0,0.0,0.0,0.0,1.0,0.0,0.0,0.0,0,0,0.0,0,0,0,0.0,0.0,0.0,0.0,0.0,0.0,0.0,0.0,0,0
2012-03-18,609.0,0.0,56.0,125.0,23.0,85.0,146.0,0.0,0.0,0.0,0.0,0.0,0.0,0.0,0.0,0.0,0.0,0.0,0.0,1.0,0.0,0.0,1.0,0.0,0.0,0.0,0,0,0.0,0,0,0,0.0,0.0,0.0,0.0,0.0,0.0,0.0,0.0,0,0
2012-03-19,-1550.0,4.0,58.0,125.0,19.0,85.0,150.0,0.0,0.0,0.0,0.0,0.0,0.0,1.0,0.0,0.0,0.0,0.0,0.0,0.0,0.0,0.0,1.0,0.0,0.0,0.0,0,0,0.0,0,0,0,0.0,0.0,0.0,0.0,0.0,0.0,0.0,0.0,0,0
2012-03-20,-1716.0,3.0,60.0,125.0,19.0,85.0,153.0,4.0,4.0,4.0,4.0,4.0,4.0,0.0,1.0,0.0,0.0,0.0,0.0,0.0,0.0,0.0,1.0,0.0,0.0,0.0,0,0,0.0,0,0,0,0.0,0.0,0.0,0.0,0.0,0.0,0.0,0.0,0,0
2012-03-21,-1803.0,0.0,61.0,125.0,19.0,85.0,153.0,7.0,7.0,7.0,7.0,7.0,7.0,0.0,0.0,1.0,0.0,0.0,0.0,0.0,0.0,0.0,1.0,0.0,0.0,0.0,0,0,0.0,0,0,0,0.0,0.0,0.0,0.0,0.0,0.0,0.0,0.0,0,0
2012-03-22,-1883.0,0.0,59.0,125.0,19.0,85.0,153.0,7.0,3.0,7.0,7.0,7.0,7.0,0.0,0.0,0.0,1.0,0.0,0.0,0.0,0.0,0.0,1.0,0.0,0.0,0.0,0,0,0.0,0,0,0,0.0,0.0,0.0,0.0,0.0,0.0,0.0,0.0,0,0
2012-03-23,-1589.0,0.0,57.0,123.0,20.0,80.0,153.0,7.0,0.0,3.0,7.0,7.0,7.0,0.0,0.0,0.0,0.0,1.0,0.0,0.0,0.0,0.0,1.0,0.0,0.0,0.0,0,0,0.0,0,0,0,0.0,0.0,0.0,0.0,0.0,0.0,0.0,0.0,0,0
2012-03-24,21.0,0.0,54.0,123.0,24.0,80.0,153.0,7.0,0.0,0.0,1.5,5.0,7.0,0.0,0.0,0.0,0.0,0.0,1.0,0.0,0.0,0.0,1.0,0.0,0.0,0.0,0,0,0.0,0,0,0,0.0,0.0,0.0,0.0,0.0,0.0,0.0,0.0,0,0
2012-03-25,741.0,0.0,55.0,123.0,23.5,80.0,153.0,5.0,0.0,0.0,0.0,0.0,1.5,0.0,0.0,0.0,0.0,0.0,0.0,1.0,0.0,0.0,1.0,0.0,0.0,0.0,0,0,0.0,0,0,0,0.0,0.0,0.0,0.0,0.0,0.0,0.0,0.0,0,0
2012-03-26,-998.0,0.0,55.0,123.0,19.0,80.0,153.0,0.0,0.0,0.0,0.0,0.0,0.0,1.0,0.0,0.0,0.0,0.0,0.0,0.0,0.0,0.0,1.0,0.0,0.0,0.0,0,0,0.0,0,0,0,0.0,0.0,0.0,0.0,0.0,0.0,0.0,0.0,0,0
2012-03-27,-1435.0,0.0,54.0,122.0,19.0,80.0,153.0,0.0,0.0,0.0,0.0,0.0,0.0,0.0,1.0,0.0,0.0,0.0,0.0,0.0,0.0,0.0,1.0,0.0,0.0,0.0,0,0,0.0,0,0,0,0.0,0.0,0.0,0.0,0.0,0.0,0.0,0.0,0,0
2012-03-28,-1598.0,0.0,54.0,115.0,19.0,80.0,153.0,0.0,0.0,0.0,0.0,0.0,0.0,0.0,0.0,1.0,0.0,0.0,0.0,0.0,0.0,0.0,1.0,0.0,0.0,0.0,0,0,0.0,0,0,0,0.0,0.0,0.0,0.0,0.0,0.0,0.0,0.0,0,0
2012-03-29,-1497.0,0.0,53.0,116.0,19.0,80.0,153.0,0.0,0.0,0.0,0.0,0.0,0.0,0.0,0.0,0.0,1.0,0.0,0.0,0.0,0.0,0.0,1.0,0.0,0.0,0.0,0,0,0.0,0,0,0,0.0,0.0,0.0,0.0,0.0,0.0,0.0,0.0,0,0
2012-03-30,-1244.0,0.0,52.0,115.0,18.0,80.0,153.0,0.0,0.0,0.0,0.0,0.0,0.0,0.0,0.0,0.0,0.0,1.0,0.0,0.0,0.0,0.0,1.0,0.0,0.0,0.0,0,0,0.0,0,0,0,0.0,0.0,0.0,0.0,0.0,0.0,0.0,0.0,0,0
2012-03-31,-547.0,0.0,51.0,112.0,20.0,80.0,153.0,0.0,0.0,0.0,0.0,0.0,0.0,0.0,0.0,0.0,0.0,0.0,1.0,0.0,0.0,0.0,1.0,0.0,0.0,0.0,0,0,0.0,0,0,0,0.0,0.0,0.0,0.0,0.0,0.0,0.0,0.0,0,0
2012-04-01,-859.0,0.0,49.0,104.0,19.0,70.0,153.0,0.0,0.0,0.0,0.0,0.0,0.0,0.0,0.0,0.0,0.0,0.0,0.0,1.0,0.0,0.0,0.0,1.0,0.0,0.0,0,0,0.0,0,0,0,0.0,0.0,0.0,0.0,0.0,0.0,0.0,0.0,0,0
2012-04-02,-3098.0,0.0,49.0,91.0,15.0,60.0,153.0,0.0,0.0,0.0,0.0,0.0,0.0,1.0,0.0,0.0,0.0,0.0,0.0,0.0,0.0,0.0,0.0,1.0,0.0,0.0,0,0,0.0,0,0,0,0.0,0.0,0.0,0.0,0.0,0.0,0.0,0.0,0,0
2012-04-03,-3494.0,1.0,49.0,86.0,15.0,60.0,154.0,0.0,0.0,0.0,0.0,0.0,0.0,0.0,1.0,0.0,0.0,0.0,0.0,0.0,0.0,0.0,0.0,1.0,0.0,0.0,0,0,0.0,0,0,0,0.0,0.0,0.0,0.0,0.0,0.0,0.0,0.0,0,0
2012-04-04,-3559.0,1.0,49.0,84.0,14.0,60.0,155.0,1.0,1.0,1.0,1.0,1.0,1.0,0.0,0.0,1.0,0.0,0.0,0.0,0.0,0.0,0.0,0.0,1.0,0.0,0.0,0,0,0.0,0,0,0,0.0,0.0,0.0,0.0,0.0,0.0,0.0,0.0,0,0
2012-04-05,-3546.0,0.0,48.0,84.0,14.0,60.0,155.0,2.0,2.0,2.0,2.0,2.0,2.0,0.0,0.0,0.0,1.0,0.0,0.0,0.0,0.0,0.0,0.0,1.0,0.0,0.0,0,0,0.0,0,0,0,0.0,0.0,0.0,0.0,0.0,0.0,0.0,0.0,0,0
2012-04-06,-3353.0,0.0,47.0,84.0,13.0,60.0,155.0,2.0,1.0,2.0,2.0,2.0,2.0,0.0,0.0,0.0,0.0,1.0,0.0,0.0,0.0,0.0,0.0,1.0,0.0,0.0,0,0,0.0,0,0,0,0.0,0.0,0.0,0.0,0.0,0.0,0.0,0.0,0,0
2012-04-07,-2626.0,0.0,47.0,84.0,13.0,60.0,155.0,2.0,0.0,1.0,2.0,2.0,2.0,0.0,0.0,0.0,0.0,0.0,1.0,0.0,0.0,0.0,0.0,1.0,0.0,0.0,0,0,0.0,0,0,0,0.0,0.0,0.0,0.0,0.0,0.0,0.0,0.0,0,0
2012-04-08,-2834.0,0.0,47.0,83.0,15.0,60.0,155.0,2.0,0.0,0.0,1.0,2.0,2.0,0.0,0.0,0.0,0.0,0.0,0.0,1.0,0.0,0.0,0.0,1.0,0.0,0.0,0,0,0.0,0,0,0,0.0,0.0,0.0,0.0,0.0,0.0,0.0,0.0,0,0
2012-04-09,-4135.0,0.0,47.0,83.0,13.0,60.0,155.0,2.0,0.0,0.0,0.0,1.0,2.0,1.0,0.0,0.0,0.0,0.0,0.0,0.0,0.0,0.0,0.0,1.0,0.0,0.0,0,0,0.0,0,0,0,0.0,0.0,0.0,0.0,0.0,0.0,0.0,0.0,0,0
2012-04-10,-4405.0,0.0,47.0,83.0,13.0,60.0,155.0,2.0,0.0,0.0,0.0,0.0,1.0,0.0,1.0,0.0,0.0,0.0,0.0,0.0,0.0,0.0,0.0,1.0,0.0,0.0,0,0,0.0,0,0,0,0.0,0.0,0.0,0.0,0.0,0.0,0.0,0.0,0,0
2012-04-11,-4421.0,0.0,47.0,78.0,13.0,60.0,155.0,1.0,0.0,0.0,0.0,0.0,0.0,0.0,0.0,1.0,0.0,0.0,0.0,0.0,0.0,0.0,0.0,1.0,0.0,0.0,0,0,0.0,0,0,0,0.0,0.0,0.0,0.0,0.0,0.0,0.0,0.0,0,0
2012-04-12,-4463.0,0.0,46.0,78.0,13.0,60.0,155.0,0.0,0.0,0.0,0.0,0.0,0.0,0.0,0.0,0.0,1.0,0.0,0.0,0.0,0.0,0.0,0.0,1.0,0.0,0.0,0,0,0.0,0,0,0,0.0,0.0,0.0,0.0,0.0,0.0,0.0,0.0,0,0
2012-04-13,-4446.0,1.0,45.0,74.0,13.0,60.0,156.0,0.0,0.0,0.0,0.0,0.0,0.0,0.0,0.0,0.0,0.0,1.0,0.0,0.0,0.0,0.0,0.0,1.0,0.0,0.0,0,0,0.0,0,0,0,0.0,0.0,0.0,0.0,0.0,0.0,0.0,0.0,0,0
2012-04-14,-3847.0,1.0,43.0,66.0,13.0,60.0,157.0,1.0,1.0,1.0,1.0,1.0,1.0,0.0,0.0,0.0,0.0,0.0,1.0,0.0,0.0,0.0,0.0,1.0,0.0,0.0,0,0,0.0,0,0,0,0.0,0.0,0.0,0.0,0.0,0.0,0.0,0.0,0,0
2012-04-15,-3554.0,6.0,47.0,66.0,13.0,60.0,163.0,2.0,2.0,2.0,2.0,2.0,2.0,0.0,0.0,0.0,0.0,0.0,0.0,1.0,0.0,0.0,0.0,1.0,0.0,0.0,0,0,0.0,0,0,0,0.0,0.0,0.0,0.0,0.0,0.0,0.0,0.0,0,0
2012-04-16,-4443.0,4.0,54.0,53.0,6.0,40.0,167.0,8.0,7.0,8.0,8.0,8.0,8.0,1.0,0.0,0.0,0.0,0.0,0.0,0.0,0.0,0.0,0.0,1.0,0.0,0.0,0,0,0.0,0,0,0,0.0,0.0,0.0,0.0,0.0,0.0,0.0,0.0,0,0
2012-04-17,-4677.0,0.0,54.0,22.0,6.0,30.0,167.0,12.0,10.0,11.0,12.0,12.0,12.0,0.0,1.0,0.0,0.0,0.0,0.0,0.0,0.0,0.0,0.0,1.0,0.0,0.0,0,0,0.0,0,0,0,0.0,0.0,0.0,0.0,0.0,0.0,0.0,0.0,0,0
2012-04-18,-4706.0,0.0,54.0,22.0,5.0,30.0,167.0,12.0,4.0,10.0,11.0,12.0,12.0,0.0,0.0,1.0,0.0,0.0,0.0,0.0,0.0,0.0,0.0,1.0,0.0,0.0,0,0,0.0,0,0,0,0.0,0.0,0.0,0.0,0.0,0.0,0.0,0.0,0,0
2012-04-19,-4670.0,2.0,49.0,22.0,5.0,30.0,169.0,12.0,0.0,4.0,10.0,11.0,12.0,0.0,0.0,0.0,1.0,0.0,0.0,0.0,0.0,0.0,0.0,1.0,0.0,0.0,0,0,0.0,0,0,0,0.0,0.0,0.0,0.0,0.0,0.0,0.0,0.0,0,0
2012-04-20,-4533.0,1.0,51.0,22.0,5.0,25.0,170.0,14.0,2.0,2.0,6.0,12.0,13.0,0.0,0.0,0.0,0.0,1.0,0.0,0.0,0.0,0.0,0.0,1.0,0.0,0.0,0,0,0.0,0,0,0,0.0,0.0,0.0,0.0,0.0,0.0,0.0,0.0,0,0
2012-04-21,-3379.0,0.0,51.0,22.0,5.0,18.0,170.0,14.0,3.0,3.0,3.0,7.0,13.0,0.0,0.0,0.0,0.0,0.0,1.0,0.0,0.0,0.0,0.0,1.0,0.0,0.0,0,0,0.0,0,0,0,0.0,0.0,0.0,0.0,0.0,0.0,0.0,0.0,0,0
2012-04-22,-2749.0,0.0,50.0,22.0,5.0,18.0,170.0,13.0,1.0,3.0,3.0,3.0,7.0,0.0,0.0,0.0,0.0,0.0,0.0,1.0,0.0,0.0,0.0,1.0,0.0,0.0,0,0,0.0,0,0,0,0.0,0.0,0.0,0.0,0.0,0.0,0.0,0.0,0,0
