COUNTSTATIONID,COUNTDATE,COUNTDIR,HOUR0,HOUR1,HOUR2,HOUR3,HOUR4,HOUR5,HOUR6,HOUR7,HOUR8,HOUR9,HOUR10,HOUR11,HOUR12,HOUR13,HOUR14,HOUR15,HOUR16,HOUR17,HOUR18,HOUR19,HOUR20,HOUR21,HOUR22,HOUR23,FormattedDate
000223,20121114,P,2,3,2,2,15,11,68,77,91,100,111,98,143,143,136,146,246,118,122,78,34,18,10,3,11/14/2012
000223,20121114,S,12,7,7,1,42,164,84,95,154,155,145,98,100,94,102,98,117,126,79,59,46,44,25,14,11/14/2012
000223,20121115,P,5,1,3,2,14,9,66,85,95,101,115,114,123,136,122,138,261,134,129,53,27,18,11,6,11/15/2012
000223,20121115,S,11,13,4,4,32,147,77,99,116,125,111,114,105,103,100,113,118,170,93,71,71,66,49,24,11/15/2012
000223,20121116,P,2,1,5,4,9,9,63,55,96,113,130,136,118,183,140,178,223,168,134,55,37,19,13,3,11/16/2012
000223,20121116,S,13,7,8,4,25,120,72,79,125,126,143,125,146,142,185,197,245,300,259,276,192,135,60,36,11/16/2012
000223,20121117,P,4,2,2,4,7,12,40,50,68,98,123,140,147,184,198,202,257,220,143,74,43,31,19,15,11/17/2012
000223,20121117,S,21,15,4,10,22,54,29,125,197,154,202,220,213,182,207,195,197,185,104,93,81,57,37,27,11/17/2012
000223,20121118,P,2,4,5,4,7,12,47,49,79,142,294,321,332,329,303,250,270,189,174,147,76,35,12,6,11/18/2012
000223,20121118,S,14,13,8,5,27,40,14,62,110,126,126,126,133,115,129,132,130,136,93,91,59,47,26,24,11/18/2012
000223,20121119,P,4,3,1,0,11,15,74,96,114,152,172,170,158,158,150,164,239,145,126,44,33,16,11,7,11/19/2012
000223,20121119,S,12,2,6,5,31,112,81,92,125,147,151,138,119,114,149,144,148,140,107,67,57,50,38,21,11/19/2012
000223,20121120,P,3,5,2,3,11,12,61,73,101,138,146,130,130,172,183,186,299,141,135,61,21,23,20,9,11/20/2012
000223,20121120,S,17,12,2,4,31,130,70,93,137,150,149,145,131,125,164,174,203,186,159,136,95,75,66,28,11/20/2012
000223,20121121,P,2,1,3,3,11,16,52,74,72,120,164,169,178,177,226,246,297,212,172,60,79,70,41,10,11/21/2012
000223,20121121,S,21,10,8,6,32,133,61,100,138,143,202,232,244,301,330,378,362,364,263,226,170,103,80,42,11/21/2012
000223,20121122,P,6,4,2,6,12,9,32,26,47,115,162,158,141,131,110,89,100,108,101,86,68,45,31,19,11/22/2012
000223,20121122,S,20,10,6,5,12,7,13,29,82,141,238,287,247,184,145,136,117,129,110,113,118,80,38,27,11/22/2012
000223,20121123,P,7,2,2,2,8,18,40,57,109,142,222,300,238,274,254,313,324,255,170,73,43,33,16,10,11/23/2012
000223,20121123,S,13,8,8,8,20,74,45,72,132,225,296,361,364,339,305,337,280,237,213,126,113,82,46,26,11/23/2012
000223,20121124,P,7,1,3,4,8,15,37,56,91,174,316,376,374,341,368,371,448,293,207,128,69,36,24,12,11/24/2012
000223,20121124,S,16,6,5,8,18,59,18,108,153,159,205,236,199,190,178,147,129,132,98,81,44,37,30,25,11/24/2012
000223,20121125,P,7,0,6,4,9,18,50,63,118,263,462,509,426,379,298,398,364,260,191,103,66,28,14,7,11/25/2012
000223,20121125,S,14,7,10,8,17,59,22,40,85,97,92,121,88,77,90,120,106,114,69,72,36,39,21,17,11/25/2012
000223,20121126,P,4,3,1,4,10,23,68,93,101,134,141,139,140,111,143,116,188,107,94,27,18,12,10,5,11/26/2012
000223,20121126,S,7,4,7,6,31,107,49,61,62,70,90,79,91,66,83,93,105,95,56,59,42,29,23,17,11/26/2012
000223,20121127,P,2,3,0,2,9,15,37,57,106,106,111,126,118,106,118,102,194,99,96,27,18,19,8,10,11/27/2012
000223,20121127,S,10,8,4,3,25,119,58,89,88,80,90,66,75,87,95,103,118,111,87,62,48,39,38,11,11/27/2012
000223,20121128,P,2,1,1,3,7,13,49,52,85,96,111,113,120,110,133,121,235,110,120,42,19,12,8,7,11/28/2012
000223,20121128,S,13,11,3,2,30,144,60,86,96,107,106,78,73,92,103,71,136,143,79,69,52,39,26,11,11/28/2012
000223,20121129,P,3,2,3,1,16,10,65,55,72,129,111,114,99,122,133,120,217,117,122,34,31,14,11,8,11/29/2012
000223,20121129,S,6,2,6,2,23,140,52,83,85,102,89,86,85,102,107,106,135,134,103,71,56,56,33,25,11/29/2012
000223,20121130,P,5,2,1,3,11,14,48,54,86,131,121,136,124,152,143,158,241,145,134,33,24,27,12,8,11/30/2012
000223,20121130,S,19,5,8,1,25,105,41,71,110,134,112,136,135,133,165,170,256,318,266,257,249,138,82,49,11/30/2012
000223,20121201,P,3,1,4,3,10,10,35,41,72,100,120,157,187,213,281,275,454,289,203,74,39,27,16,13,12/01/2012
000223,20121201,S,26,19,8,6,17,59,49,255,275,234,298,269,215,224,173,151,178,158,109,86,69,58,51,28,12/01/2012
000223,20121202,P,7,3,5,3,9,4,35,35,64,140,254,303,305,335,317,360,388,270,223,107,57,35,15,9,12/02/2012
000223,20121202,S,11,18,8,4,17,51,18,78,131,169,203,164,130,95,121,88,116,109,103,82,56,35,26,9,12/02/2012
000223,20121203,P,3,4,3,1,10,18,77,78,89,91,130,151,112,122,113,123,218,103,97,37,19,10,9,4,12/03/2012
000223,20121203,S,8,4,5,2,28,111,54,75,71,96,109,87,99,80,96,104,112,103,67,52,59,37,38,17,12/03/2012
000223,20121204,P,5,2,1,2,9,12,54,59,89,99,120,101,105,89,100,119,223,114,126,31,18,16,9,4,12/04/2012
000223,20121204,S,14,10,2,6,26,138,54,64,86,93,91,105,92,58,80,91,111,129,79,43,42,29,26,19,12/04/2012
000223,20121205,P,4,3,1,1,10,11,57,53,78,107,124,109,111,116,120,133,242,143,123,48,26,25,9,12,12/05/2012
000223,20121205,S,10,8,3,6,24,137,55,79,107,99,111,98,78,97,98,108,111,107,73,73,49,37,21,16,12/05/2012
000223,20121206,P,4,2,1,6,16,7,50,47,81,95,84,109,89,120,115,112,198,123,119,25,27,25,11,7,12/06/2012
000223,20121206,S,11,10,5,3,23,124,56,71,88,106,100,98,88,83,102,115,129,128,88,78,52,33,34,28,12/06/2012
000223,20121207,P,4,1,2,0,16,9,48,55,80,133,100,148,141,159,139,150,212,120,100,50,22,17,18,7,12/07/2012
000223,20121207,S,10,6,8,4,18,95,58,84,118,117,116,141,114,129,167,192,278,359,288,283,241,130,85,48,12/07/2012
000223,20121208,P,5,3,3,2,14,4,25,36,51,78,92,150,165,195,292,202,394,242,138,72,25,14,12,7,12/08/2012
000223,20121208,S,25,12,10,7,9,57,43,267,244,215,260,241,229,175,159,146,195,146,91,78,62,63,34,23,12/08/2012
000223,20121209,P,2,5,2,6,3,5,23,26,36,106,190,317,399,449,464,457,475,305,177,119,90,30,17,8,12/09/2012
000223,20121209,S,13,11,4,5,10,55,43,225,247,192,192,161,125,85,89,88,123,93,71,55,50,25,9,16,12/09/2012
000223,20121210,P,9,1,2,1,5,18,46,92,83,107,127,111,124,132,112,158,213,117,99,45,14,20,8,8,12/10/2012
000223,20121210,S,13,6,3,6,18,111,60,71,90,153,125,84,81,73,82,80,108,90,64,42,41,42,16,24,12/10/2012
000223,20121211,P,7,2,1,4,9,7,33,49,68,119,102,87,93,112,144,155,245,117,118,35,24,12,12,2,12/11/2012
000223,20121211,S,10,5,7,6,23,127,62,54,109,140,146,119,85,74,90,76,127,125,64,62,48,30,28,14,12/11/2012
000223,20121212,P,3,1,2,3,10,12,49,56,78,107,117,118,112,136,166,169,292,117,121,43,23,32,19,6,12/12/2012
000223,20121212,S,7,8,5,6,33,141,55,84,121,158,155,128,96,84,103,95,112,134,77,73,52,39,38,16,12/12/2012
000223,20121213,P,8,1,2,4,12,12,44,70,86,115,127,131,143,145,211,231,296,183,119,44,32,20,16,8,12/13/2012
000223,20121213,S,10,12,2,8,34,144,51,104,181,200,184,152,118,100,130,119,159,144,103,107,85,56,40,39,12/13/2012
000223,20121214,P,10,5,9,3,13,14,43,56,81,128,136,120,148,178,208,207,302,187,151,48,29,19,12,6,12/14/2012
000223,20121214,S,19,11,4,4,30,102,39,93,212,220,224,184,147,161,182,211,280,386,306,307,300,127,83,48,12/14/2012
000223,20121215,P,4,1,1,3,10,10,53,37,57,114,147,177,229,296,345,359,508,380,171,72,45,28,18,19,12/15/2012
000223,20121215,S,33,16,12,7,22,56,61,366,431,309,281,349,250,210,197,216,194,171,146,93,99,76,46,33,12/15/2012
000223,20121216,P,6,11,1,6,7,7,45,35,62,152,276,315,378,451,530,511,573,382,260,120,111,59,24,12,12/16/2012
000223,20121216,S,24,13,7,4,19,46,33,236,427,346,274,213,150,114,109,97,120,122,77,67,55,43,39,18,12/16/2012
000223,20121217,P,6,1,3,3,7,18,73,98,105,144,159,167,138,179,249,291,272,178,116,49,29,16,12,6,12/17/2012
000223,20121217,S,14,7,5,6,25,108,41,88,200,250,203,149,102,107,106,95,106,111,62,68,54,43,37,24,12/17/2012
000223,20121218,P,7,1,3,4,10,9,42,44,58,78,116,112,106,172,197,244,279,208,119,34,20,11,16,12,12/18/2012
000223,20121218,S,11,7,7,7,26,142,76,82,214,272,190,134,110,80,111,100,110,113,93,90,82,74,41,41,12/18/2012
000223,20121219,P,10,6,5,1,10,8,40,38,69,61,92,94,120,155,250,257,341,220,132,61,40,21,7,11,12/19/2012
000223,20121219,S,10,9,7,8,31,117,76,108,306,266,224,162,105,94,87,82,90,111,91,75,50,44,50,21,12/19/2012
000223,20121220,P,7,1,3,5,8,10,49,56,87,118,153,167,191,251,313,426,482,272,155,61,28,26,13,7,12/20/2012
000223,20121220,S,14,9,6,6,24,126,54,127,337,447,305,214,156,158,128,162,173,187,172,126,124,100,78,49,12/20/2012
000223,20121221,P,7,8,5,4,14,13,48,52,104,131,195,194,203,216,351,475,575,301,164,88,46,22,16,17,12/21/2012
000223,20121221,S,27,15,5,8,20,75,57,169,461,486,387,284,265,226,274,321,366,310,323,307,274,196,115,66,12/21/2012
000223,20121222,P,11,3,2,7,9,14,31,47,72,134,192,202,286,334,399,537,537,358,193,80,63,36,15,10,12/22/2012
000223,20121222,S,50,24,14,8,13,67,57,451,506,370,385,412,372,359,378,364,331,278,197,168,128,82,84,58,12/22/2012
000223,20121223,P,7,2,3,4,9,9,28,45,84,189,271,331,341,394,416,447,466,412,240,122,81,45,31,15,12/23/2012
000223,20121223,S,22,16,11,8,22,42,34,223,367,359,363,297,287,250,263,258,198,191,149,150,128,72,60,25,12/23/2012
000223,20121224,P,6,3,4,6,6,9,40,48,78,159,306,315,326,353,361,405,342,216,94,92,38,25,21,10,12/24/2012
000223,20121224,S,14,17,3,4,17,66,34,150,323,278,320,292,249,229,216,205,147,132,99,65,55,71,54,32,12/24/2012
000223,20121225,P,6,2,1,3,5,7,11,22,34,69,107,164,226,250,288,330,319,271,133,92,88,55,29,15,12/25/2012
000223,20121225,S,18,6,10,4,4,5,16,87,218,224,220,217,199,208,188,180,146,144,112,88,107,92,62,28,12/25/2012
000223,20121226,P,6,2,4,3,10,22,55,80,128,226,264,381,311,333,355,438,574,422,220,126,59,34,18,17,12/26/2012
000223,20121226,S,15,10,3,3,26,96,55,199,425,430,362,410,413,445,423,359,330,309,188,151,133,126,64,54,12/26/2012
000223,20121227,P,5,7,2,4,6,17,38,77,99,187,192,280,263,287,374,497,657,543,295,87,54,20,21,12,12/27/2012
000223,20121227,S,41,18,14,8,19,117,63,254,597,528,464,474,359,346,368,321,326,286,200,119,105,75,56,39,12/27/2012
000223,20121228,P,4,3,6,1,12,16,58,44,105,171,239,312,369,406,598,642,803,614,258,177,76,45,29,20,12/28/2012
000223,20121228,S,23,17,7,9,18,95,62,324,774,636,633,477,372,341,437,393,433,397,365,289,231,182,90,53,12/28/2012
000223,20121229,P,7,6,2,3,8,19,31,67,110,181,240,415,394,421,614,778,795,548,383,181,108,51,34,13,12/29/2012
000223,20121229,S,23,18,7,15,19,62,89,611,632,520,632,550,469,441,417,399,304,286,172,148,108,93,58,26,12/29/2012
000223,20121230,P,9,7,5,7,8,18,55,60,113,198,392,506,464,536,553,606,594,540,328,213,126,70,29,11,12/30/2012
000223,20121230,S,25,8,10,9,21,40,36,343,548,515,429,404,435,350,305,298,222,201,194,153,121,68,54,26,12/30/2012
000223,20121231,P,6,4,4,9,12,23,76,103,142,218,278,363,359,398,389,487,469,326,158,106,54,27,13,11,12/31/2012
000223,20121231,S,18,14,6,13,20,74,55,179,369,369,316,321,286,277,288,317,328,263,182,140,97,50,55,19,12/31/2012
000223,20130101,P,9,10,13,7,10,16,70,81,114,176,356,634,768,788,877,837,717,583,322,222,204,115,39,16,01/01/2013
000223,20130101,S,14,8,11,9,26,69,49,219,464,365,371,338,320,236,189,225,175,176,120,81,62,49,38,13,01/01/2013
000223,20130102,P,2,3,3,7,9,30,106,174,185,210,249,321,351,346,341,429,583,427,239,105,56,47,25,15,01/02/2013
000223,20130102,S,12,8,5,4,31,133,59,135,367,395,309,284,242,175,201,232,199,196,122,96,82,65,44,31,01/02/2013
000223,20130103,P,6,2,1,1,19,14,66,65,121,178,172,284,268,304,333,481,631,423,204,87,52,33,21,18,01/03/2013
000223,20130103,S,8,10,8,1,25,136,52,153,403,441,366,299,250,181,193,209,226,240,148,144,115,86,52,30,01/03/2013
000223,20130104,P,6,2,6,3,21,11,68,87,108,185,230,273,324,272,397,554,743,499,279,103,64,46,21,17,01/04/2013
000223,20130104,S,17,13,3,6,25,100,53,193,480,577,440,354,253,272,273,300,333,467,416,401,294,196,110,48,01/04/2013
000223,20130105,P,6,5,5,6,17,17,64,117,126,191,245,348,302,437,578,820,931,735,341,172,106,78,35,15,01/05/2013
000223,20130105,S,24,8,13,5,14,80,121,687,645,566,646,572,344,241,253,228,206,188,148,118,75,52,40,28,01/05/2013
000223,20130106,P,8,6,7,2,16,27,58,116,111,215,376,512,568,669,794,804,825,522,343,285,198,73,28,17,01/06/2013
000223,20130106,S,19,10,6,4,9,78,55,436,519,483,400,262,242,209,160,208,161,160,118,98,67,36,29,16,01/06/2013
000223,20130107,P,1,8,1,8,9,19,84,114,144,154,228,201,202,235,288,344,455,270,165,61,22,16,16,7,01/07/2013
000223,20130107,S,10,5,3,8,18,109,47,114,244,325,226,165,141,105,110,129,125,124,100,70,66,49,28,18,01/07/2013
000223,20130108,P,4,3,1,2,9,19,44,56,92,107,149,159,167,154,227,281,348,235,153,55,34,13,10,7,01/08/2013
000223,20130108,S,9,6,9,5,30,135,65,93,193,268,198,159,115,107,97,104,143,152,92,74,71,39,36,19,01/08/2013
000223,20130109,P,6,1,3,2,12,11,60,60,97,111,131,151,145,150,226,288,402,273,139,58,27,17,14,5,01/09/2013
000223,20130109,S,11,5,4,5,35,133,53,119,190,275,222,153,134,111,114,134,134,145,108,89,55,53,36,22,01/09/2013
000223,20130110,P,5,5,4,4,11,9,67,72,96,121,163,152,167,239,233,299,355,265,121,52,69,27,16,10,01/10/2013
000223,20130110,S,15,11,7,5,30,140,63,111,217,283,211,151,155,120,127,165,189,191,124,135,129,79,53,45,01/10/2013
000223,20130111,P,12,5,3,4,5,20,45,57,93,177,254,252,167,161,210,266,373,235,139,61,29,14,7,13,01/11/2013
000223,20130111,S,24,14,6,7,21,93,60,126,265,306,243,205,173,172,190,237,332,503,423,376,330,198,100,55,01/11/2013
000223,20130112,P,8,6,3,2,8,7,41,51,79,99,142,192,305,279,319,409,482,295,154,75,117,46,19,12,01/12/2013
000223,20130112,S,47,12,9,9,14,56,77,656,508,316,240,214,182,172,152,123,122,125,78,59,130,93,46,26,01/12/2013
000223,20130113,P,8,2,6,4,5,7,43,50,69,144,286,454,465,563,532,623,560,443,321,237,149,55,20,11,01/13/2013
000223,20130113,S,13,7,5,4,17,55,46,279,343,276,209,166,133,117,128,110,118,114,67,63,48,37,31,12,01/13/2013
000223,20130114,P,5,2,3,2,12,19,84,121,128,127,142,166,150,139,177,166,236,159,121,47,20,19,9,9,01/14/2013
000223,20130114,S,11,9,6,3,22,111,64,50,110,181,133,119,91,67,107,115,125,139,69,56,53,27,24,12,01/14/2013
000223,20130115,P,1,5,1,5,8,14,52,68,74,121,116,122,105,112,155,197,264,179,126,44,29,16,12,5,01/15/2013
000223,20130115,S,10,10,2,4,21,138,70,60,121,214,131,123,85,78,91,108,121,109,83,65,58,34,37,10,01/15/2013
000223,20130116,P,2,6,3,1,10,13,54,57,92,109,131,122,129,138,211,270,431,203,154,43,34,19,15,11,01/16/2013
000223,20130116,S,9,7,5,4,24,158,62,125,252,313,246,156,99,104,109,113,148,130,97,93,56,41,35,24,01/16/2013
000223,20130117,P,2,2,2,2,8,10,55,73,98,118,142,168,129,157,211,311,412,226,149,43,27,19,18,13,01/17/2013
000223,20130117,S,17,7,2,5,22,143,67,133,211,324,250,178,133,119,139,162,182,182,170,139,155,97,83,63,01/17/2013
000223,20130118,P,3,1,2,1,16,11,55,65,102,143,156,163,156,205,276,436,568,358,199,90,33,29,23,7,01/18/2013
000223,20130118,S,24,19,8,7,28,100,63,176,372,482,410,315,256,225,307,355,456,642,653,619,648,362,205,89,01/18/2013
000223,20130119,P,5,3,3,7,6,11,37,54,72,118,151,194,180,282,428,643,900,699,344,183,105,56,32,16,01/19/2013
000223,20130119,S,34,24,5,3,20,108,118,715,664,597,566,641,524,354,279,310,317,264,206,166,115,81,59,42,01/19/2013
000223,20130120,P,6,3,3,5,4,12,28,49,84,156,296,430,450,556,727,875,945,680,417,303,229,131,38,22,01/20/2013
000223,20130120,S,20,11,9,4,15,79,51,426,596,609,436,329,260,190,169,164,134,149,125,87,67,55,42,25,01/20/2013
000223,20130121,P,6,4,5,6,12,31,110,165,193,327,523,623,567,680,601,653,691,412,281,166,132,60,30,11,01/21/2013
000223,20130121,S,19,11,4,10,26,109,67,158,396,397,312,219,144,109,119,110,117,113,93,68,42,40,31,17,01/21/2013
000223,20130122,P,3,3,1,4,8,22,63,95,131,138,162,173,154,175,200,245,324,184,138,65,30,10,12,5,01/22/2013
000223,20130122,S,12,7,4,4,19,142,50,86,172,221,189,116,93,98,89,115,125,138,96,96,60,37,25,26,01/22/2013
000223,20130123,P,2,2,2,1,8,10,65,70,89,104,130,161,144,128,192,203,324,186,140,39,24,15,11,7,01/23/2013
000223,20130123,S,12,6,4,5,29,146,69,101,188,189,179,135,93,94,120,101,131,156,101,82,80,52,37,28,01/23/2013
000223,20130124,P,9,3,2,5,13,8,60,70,94,113,134,127,113,164,163,190,296,176,138,60,27,18,9,8,01/24/2013
000223,20130124,S,10,9,2,3,24,152,53,112,155,205,139,143,115,120,139,153,171,206,153,151,127,80,63,46,01/24/2013
000223,20130125,P,1,2,3,2,12,14,50,62,76,98,141,127,136,167,170,254,348,249,143,57,34,21,19,12,01/25/2013
000223,20130125,S,21,21,6,7,38,129,59,131,230,305,246,195,198,214,252,306,430,584,499,592,655,301,149,90,01/25/2013
000223,20130126,P,7,5,1,4,11,11,44,49,80,130,167,162,224,329,465,607,779,519,321,162,99,52,27,15,01/26/2013
000223,20130126,S,31,21,9,5,22,81,104,714,634,553,478,357,276,233,227,248,271,212,163,113,94,77,55,32,01/26/2013
000223,20130127,P,13,4,4,8,14,16,53,56,99,214,546,629,700,786,766,708,793,575,406,338,248,93,44,22,01/27/2013
000223,20130127,S,19,11,6,9,15,67,44,355,442,350,305,219,165,131,122,107,101,124,103,90,60,33,23,17,01/27/2013
000223,20130128,P,8,3,5,3,8,23,107,132,144,161,219,194,172,180,150,185,267,139,133,55,22,12,9,6,01/28/2013
000223,20130128,S,14,11,10,9,22,108,48,79,127,162,159,98,92,98,93,113,122,125,72,45,41,39,25,22,01/28/2013
000223,20130129,P,4,1,3,1,4,12,45,65,90,81,100,115,124,159,215,245,300,179,112,42,22,16,9,3,01/29/2013
000223,20130129,S,5,13,8,10,14,105,77,72,190,261,244,126,94,76,102,93,108,121,65,78,51,49,34,16,01/29/2013
000223,20130130,P,4,1,2,4,10,7,53,55,65,92,86,90,132,161,188,228,301,183,149,63,38,14,7,5,01/30/2013
000223,20130130,S,14,6,4,6,27,131,58,93,246,298,167,125,82,98,92,86,76,148,90,71,65,53,44,24,01/30/2013
000223,20130131,P,8,1,3,3,9,15,54,48,86,85,98,118,124,155,192,268,365,233,139,46,32,19,13,5,01/31/2013
000223,20130131,S,12,13,6,7,32,128,59,106,244,288,223,133,131,113,127,130,152,200,152,157,110,83,67,51,01/31/2013
000223,20130201,P,3,0,2,1,7,9,67,56,85,106,145,137,168,221,340,450,483,343,247,63,47,25,14,14,02/01/2013
000223,20130201,S,26,16,3,6,21,100,52,158,398,558,437,300,242,196,262,293,426,572,310,469,607,594,201,85,02/01/2013
000223,20130202,P,7,3,1,4,7,6,43,49,71,122,157,200,228,339,530,776,952,839,391,230,150,80,36,17,02/02/2013
000223,20130202,S,42,26,12,7,17,84,163,703,753,652,726,608,426,257,252,215,230,215,167,138,93,79,50,30,02/02/2013
000223,20130203,P,9,5,5,4,9,10,50,72,127,241,479,666,757,646,947,955,948,643,336,251,194,125,115,16,02/03/2013
000223,20130203,S,15,8,6,2,9,68,56,620,755,523,360,274,200,176,191,235,195,157,132,84,78,60,56,25,02/03/2013
000223,20130204,P,9,4,1,4,14,28,118,164,177,192,184,207,210,231,260,382,433,380,223,86,43,35,12,11,02/04/2013
000223,20130204,S,15,10,4,6,17,121,65,135,330,432,364,205,134,113,123,116,120,133,84,84,58,36,36,23,02/04/2013
000223,20130205,P,1,2,5,5,12,18,48,71,98,142,137,152,139,200,275,352,506,473,238,68,45,22,11,4,02/05/2013
000223,20130205,S,9,5,4,4,24,142,63,106,235,330,239,168,112,104,120,107,136,134,81,87,67,43,33,13,02/05/2013
000223,20130206,P,3,1,3,3,10,21,70,84,130,150,158,140,139,162,216,279,297,221,141,43,35,15,16,8,02/06/2013
000223,20130206,S,15,5,2,5,28,181,49,107,203,253,169,142,111,123,117,179,161,167,102,81,63,50,37,25,02/06/2013
000223,20130207,P,5,1,3,2,11,10,61,51,93,103,114,108,138,170,247,281,384,198,162,66,30,20,15,7,02/07/2013
000223,20130207,S,17,10,6,5,25,124,53,93,223,300,255,146,139,130,170,176,188,204,169,148,136,103,48,35,02/07/2013
000223,20130208,P,3,7,3,4,7,17,63,68,101,135,153,172,153,211,277,363,483,314,195,78,42,38,25,14,02/08/2013
000223,20130208,S,21,16,5,6,31,117,50,145,379,459,362,260,232,243,297,317,552,647,649,642,486,340,173,76,02/08/2013
000223,20130209,P,9,4,4,5,10,14,53,54,96,136,161,173,229,338,399,526,726,585,264,137,97,59,20,15,02/09/2013
000223,20130209,S,40,21,10,12,25,64,152,772,739,486,443,362,281,229,285,227,309,225,149,134,87,52,31,35,02/09/2013
000223,20130210,P,5,7,2,3,11,14,50,67,89,163,393,719,716,868,906,873,864,693,694,595,345,160,43,16,02/10/2013
000223,20130210,S,12,10,6,7,18,46,106,843,899,469,330,201,181,146,112,100,105,117,79,62,55,37,42,19,02/10/2013
000223,20130211,P,9,1,3,4,12,17,91,170,161,203,205,208,241,210,253,313,464,236,140,71,43,30,12,6,02/11/2013
000223,20130211,S,17,7,5,13,31,100,61,114,252,338,229,105,98,73,132,127,125,122,89,88,45,42,29,24,02/11/2013
000223,20130212,P,6,5,4,3,9,7,58,71,120,131,123,164,137,146,229,258,413,215,125,55,24,23,21,5,02/12/2013
000223,20130212,S,7,8,7,7,34,127,71,91,199,300,213,136,134,110,126,112,139,139,100,67,66,45,42,16,02/12/2013
000223,20130213,P,2,3,10,1,9,6,65,86,101,135,146,141,142,132,209,294,403,191,128,68,25,20,16,10,02/13/2013
000223,20130213,S,14,8,3,7,27,181,66,124,231,300,185,149,93,124,118,128,168,156,105,82,87,76,37,27,02/13/2013
000223,20130214,P,5,3,3,5,11,13,47,69,84,119,139,126,113,163,236,292,311,234,156,63,29,29,16,11,02/14/2013
000223,20130214,S,24,6,7,7,26,138,62,129,214,270,230,189,166,148,175,176,210,262,177,220,143,127,95,74,02/14/2013
000223,20130215,P,6,4,6,1,11,16,51,62,81,123,134,185,192,260,393,556,632,529,218,109,43,61,42,22,02/15/2013
000223,20130215,S,34,30,17,11,24,117,80,287,713,696,605,451,333,359,423,467,586,695,673,577,529,355,182,104,02/15/2013
000223,20130216,P,5,11,3,4,7,13,45,58,98,146,205,239,265,346,538,658,696,675,362,193,106,77,43,23,02/16/2013
000223,20130216,S,44,33,11,8,13,76,174,534,690,619,640,647,443,411,345,304,306,287,204,152,125,95,69,50,02/16/2013
000223,20130217,P,8,5,5,8,4,22,35,71,112,189,391,470,525,682,811,869,859,719,393,331,277,119,56,21,02/17/2013
000223,20130217,S,20,9,4,5,16,74,82,519,708,530,505,352,237,191,188,187,146,171,111,77,76,59,36,12,02/17/2013
000223,20130218,P,9,4,4,5,16,32,106,181,220,376,588,780,742,766,657,602,583,416,267,180,129,63,26,10,02/18/2013
000223,20130218,S,18,7,9,8,26,117,81,225,411,324,288,201,129,147,134,135,120,147,88,64,61,36,25,13,02/18/2013
000223,20130219,P,5,3,0,6,14,21,74,107,147,168,207,205,222,215,291,404,588,334,182,93,28,11,9,7,02/19/2013
000223,20130219,S,9,8,3,5,23,153,76,89,237,344,252,197,129,113,117,116,139,140,101,72,66,58,38,26,02/19/2013
000223,20130220,P,4,2,2,2,8,16,56,78,99,132,123,135,113,163,205,239,385,186,141,51,25,26,10,9,02/20/2013
000223,20130220,S,15,7,5,4,32,190,50,102,207,232,177,151,104,104,133,132,143,138,101,95,74,61,40,31,02/20/2013
000223,20130221,P,2,1,5,1,11,9,47,48,72,69,82,107,117,108,158,193,290,199,146,53,28,20,15,11,02/21/2013
000223,20130221,S,40,14,8,6,24,122,59,67,153,169,221,137,130,111,142,145,196,213,122,113,100,88,60,53,02/21/2013
000223,20130222,P,2,1,2,3,11,21,62,72,99,135,155,188,172,179,314,352,459,336,139,82,41,33,21,15,02/22/2013
000223,20130222,S,13,16,9,7,26,105,56,147,422,417,367,260,234,219,242,349,479,656,576,504,499,315,167,91,02/22/2013
000223,20130223,P,12,5,6,3,11,16,53,62,105,156,179,213,271,352,520,697,854,650,315,197,165,76,56,25,02/23/2013
000223,20130223,S,44,25,12,11,18,77,127,678,686,649,584,523,298,241,264,231,243,231,172,148,107,92,81,46,02/23/2013
000223,20130224,P,19,6,4,1,10,9,49,100,117,241,425,626,672,598,617,623,558,402,290,223,179,100,21,12,02/24/2013
000223,20130224,S,16,10,7,9,15,59,53,298,512,224,154,90,88,74,101,68,100,85,57,49,42,33,30,18,02/24/2013
000223,20130225,P,10,3,4,4,16,25,114,72,295,215,265,234,221,213,250,308,357,313,161,61,37,18,17,5,02/25/2013
000223,20130225,S,13,10,16,7,22,103,53,61,150,274,239,221,131,107,103,101,146,110,96,66,45,39,41,20,02/25/2013
000223,20130226,P,5,4,4,2,9,17,66,84,109,119,142,138,115,114,147,180,277,208,125,37,26,20,12,7,02/26/2013
000223,20130226,S,20,10,6,5,27,121,53,77,156,172,187,94,90,85,99,90,87,138,76,58,39,38,38,17,02/26/2013
000223,20130227,P,1,2,3,3,11,11,57,76,92,132,156,148,130,191,268,296,486,295,158,52,32,17,12,8,02/27/2013
000223,20130227,S,15,10,9,7,26,172,71,119,311,360,224,232,133,117,118,94,153,159,100,95,79,53,49,29,02/27/2013
000223,20130228,P,1,1,2,4,9,15,70,66,165,342,258,128,170,173,155,183,281,215,133,59,38,26,14,7,02/28/2013
000223,20130228,S,17,9,8,7,29,157,61,120,257,320,244,209,171,141,126,156,291,279,205,221,174,116,103,64,02/28/2013
000223,20130301,P,5,6,5,4,12,15,62,60,92,149,186,179,181,225,335,486,584,479,222,84,39,51,25,15,03/01/2013
000223,20130301,S,32,17,6,8,18,104,64,215,588,681,625,402,282,271,279,355,535,642,634,553,535,355,159,83,03/01/2013
000223,20130302,P,4,6,6,7,10,14,37,62,81,131,209,190,240,332,494,763,869,870,419,223,136,77,43,17,03/02/2013
000223,20130302,S,51,32,9,14,15,83,175,727,722,590,545,561,484,269,236,222,218,221,212,132,108,69,56,42,03/02/2013
000223,20130303,P,10,4,7,9,11,19,45,99,151,350,585,864,889,937,911,950,946,633,363,374,292,114,39,15,03/03/2013
000223,20130303,S,16,15,9,5,17,72,58,586,636,434,331,249,213,142,138,129,138,126,100,69,72,45,26,22,03/03/2013
000223,20130304,P,4,5,3,2,10,21,102,133,159,187,200,208,172,190,252,265,320,250,145,85,34,26,17,6,03/04/2013
000223,20130304,S,11,8,7,6,26,107,60,118,248,257,177,114,111,81,81,136,213,129,72,56,54,39,35,23,03/04/2013
000223,20130305,P,1,3,2,5,6,10,51,68,111,125,119,150,138,171,246,314,388,242,146,69,36,20,19,11,03/05/2013
000223,20130305,S,10,5,9,8,19,129,72,98,262,354,252,173,107,106,94,102,117,136,111,80,63,49,38,27,03/05/2013
000223,20130306,P,4,4,3,4,11,10,53,80,98,155,138,147,141,182,240,290,382,273,159,72,52,33,19,8,03/06/2013
000223,20130306,S,15,9,5,3,28,143,67,115,246,253,241,188,131,115,113,126,173,161,114,103,99,79,48,29,03/06/2013
000223,20130307,P,3,4,5,1,11,9,66,64,95,136,132,145,106,174,232,316,423,250,181,77,48,24,12,20,03/07/2013
000223,20130307,S,15,5,9,4,28,146,61,110,232,300,282,208,151,150,184,191,241,248,181,200,196,192,119,91,03/07/2013
000223,20130308,P,8,5,5,6,15,16,65,63,106,145,158,184,145,201,287,383,440,323,192,84,52,47,57,57,03/08/2013
000223,20130308,S,48,30,18,15,28,106,62,155,432,450,372,363,441,562,718,791,805,839,721,664,494,341,196,132,03/08/2013
000223,20130309,P,106,59,26,13,12,10,44,35,35,73,104,119,137,177,214,337,321,317,180,73,40,33,19,45,03/09/2013
000223,20130309,S,79,42,30,19,19,72,60,372,420,281,144,228,200,173,183,105,99,235,125,113,84,56,56,45,03/09/2013
000223,20130311,P,171,95,37,28,37,42,132,229,262,338,448,656,575,462,402,396,421,319,212,106,53,33,22,17,03/11/2013
000223,20130311,S,18,17,15,9,24,99,66,118,267,299,331,230,160,171,151,134,161,158,108,101,63,60,40,33,03/11/2013
000223,20130312,P,4,7,3,2,8,10,44,47,105,136,98,137,157,145,192,227,407,288,214,73,35,46,15,6,03/12/2013
000223,20130312,S,24,12,12,7,27,145,85,71,146,214,264,211,132,136,124,143,147,134,107,87,74,49,46,23,03/12/2013
000223,20130313,P,6,2,6,1,12,13,60,82,102,126,168,164,141,208,247,342,472,293,215,95,47,36,25,14,03/13/2013
000223,20130313,S,10,8,2,8,24,132,70,141,239,360,312,202,138,120,140,143,172,167,117,89,83,60,57,30,03/13/2013
000223,20130314,P,9,13,2,2,10,11,77,88,125,167,173,196,175,210,202,352,390,286,197,97,48,36,34,18,03/14/2013
000223,20130314,S,29,12,7,4,31,139,73,103,216,331,272,212,135,120,136,147,172,219,165,147,107,100,71,63,03/14/2013
000223,20130315,P,8,4,7,6,18,28,82,115,139,240,229,223,199,208,329,400,451,375,223,123,66,27,28,17,03/15/2013
000223,20130315,S,27,16,11,6,23,102,64,131,313,472,318,251,223,201,270,268,377,507,450,473,372,366,156,89,03/15/2013
000223,20130316,P,10,8,3,11,12,26,54,107,130,158,216,281,264,345,402,428,645,450,229,148,93,99,52,26,03/16/2013
000223,20130316,S,35,23,7,10,19,87,106,565,491,355,336,340,259,272,287,324,321,290,173,134,143,110,72,33,03/16/2013
000223,20130317,P,6,4,2,3,9,13,56,84,135,163,298,524,634,555,648,564,619,515,315,245,175,127,40,16,03/17/2013
000223,20130317,S,22,11,8,9,15,59,44,362,412,292,263,260,188,157,219,186,185,193,119,110,74,52,35,17,03/17/2013
000223,20130318,P,10,3,5,4,8,31,83,106,141,124,197,183,210,194,292,285,380,294,161,70,36,30,14,5,03/18/2013
000223,20130318,S,13,12,3,6,14,117,69,100,218,296,249,174,145,122,115,135,155,149,100,70,64,58,45,43,03/18/2013
000223,20130319,P,5,6,2,1,14,12,61,65,100,174,174,185,157,170,223,275,380,280,160,79,45,29,19,8,03/19/2013
000223,20130319,S,19,12,12,2,20,128,68,101,183,296,232,177,139,114,100,113,163,136,107,97,75,70,52,26,03/19/2013
000223,20130320,P,4,3,6,0,13,12,75,91,104,176,200,161,138,173,261,303,426,250,168,68,36,28,13,6,03/20/2013
000223,20130320,S,17,6,9,6,23,136,70,108,203,224,246,174,155,94,144,136,174,158,133,106,88,81,52,30,03/20/2013
000223,20130321,P,9,1,2,2,14,19,49,92,122,170,199,172,157,160,212,285,346,228,201,92,48,23,17,15,03/21/2013
000223,20130321,S,19,11,3,4,24,129,73,77,200,307,221,166,124,138,173,198,165,197,133,146,136,83,67,38,03/21/2013
000223,20130322,P,7,2,1,2,12,10,59,76,122,176,233,204,197,219,285,380,442,338,193,74,41,36,25,7,03/22/2013
000223,20130322,S,21,10,13,5,26,104,55,124,373,422,312,252,216,215,262,322,391,506,524,462,349,196,145,58,03/22/2013
000223,20130323,P,9,2,3,1,7,10,39,44,60,82,114,176,174,284,270,330,329,317,188,82,52,25,20,12,03/23/2013
000223,20130323,S,37,52,26,24,10,74,52,387,468,240,184,131,194,175,183,212,194,210,140,102,80,74,40,41,03/23/2013
000223,20130324,P,5,4,2,7,9,15,40,62,92,160,322,499,508,540,544,547,580,480,227,221,132,92,37,16,03/24/2013
000223,20130324,S,33,32,16,10,22,60,34,277,406,308,312,270,289,202,250,215,207,203,138,94,61,50,44,25,03/24/2013
000223,20130325,P,8,1,4,6,13,16,81,110,121,137,176,237,197,252,251,312,430,359,199,101,56,44,25,15,03/25/2013
000223,20130325,S,19,12,7,12,23,94,56,67,241,323,285,261,198,200,186,164,180,198,147,122,79,59,50,33,03/25/2013
000223,20130326,P,2,4,3,1,12,13,57,71,89,128,179,190,196,240,281,354,516,414,222,123,56,32,19,23,03/26/2013
000223,20130326,S,18,6,10,9,22,122,51,98,271,387,357,257,202,149,136,153,201,190,146,123,79,56,54,28,03/26/2013
000223,20130327,P,5,2,3,1,17,9,59,55,118,126,184,243,205,224,319,422,559,452,246,118,76,50,22,16,03/27/2013
000223,20130327,S,24,11,6,6,29,138,74,98,236,425,352,292,223,200,180,192,205,221,150,138,113,101,67,24,03/27/2013
000223,20130328,P,7,1,3,1,13,20,53,74,107,158,170,243,220,253,318,409,545,423,251,106,71,34,35,17,03/28/2013
000223,20130328,S,17,6,7,6,22,114,62,93,290,405,419,314,245,209,184,221,227,230,237,171,172,123,85,57,03/28/2013
000223,20130329,P,9,1,3,4,15,14,55,83,108,170,234,269,299,302,383,493,601,500,236,109,68,48,24,17,03/29/2013
000223,20130329,S,27,19,10,4,19,90,54,126,324,451,459,310,273,213,237,277,299,373,340,283,233,162,98,57,03/29/2013
000223,20130330,P,11,5,13,10,15,18,47,74,114,209,236,344,347,391,445,510,606,483,287,151,125,72,35,23,03/30/2013
000223,20130330,S,21,17,10,6,9,70,67,291,384,420,350,310,235,180,181,179,214,185,135,114,100,65,54,33,03/30/2013
000223,20130331,P,7,2,3,6,11,12,42,56,85,208,352,397,399,380,368,466,474,391,321,212,181,98,35,12,03/31/2013
000223,20130331,S,14,8,9,2,11,61,20,123,221,244,228,192,147,131,136,134,151,140,125,108,82,80,30,12,03/31/2013
000223,20130401,P,6,2,3,2,7,19,85,113,148,178,180,216,169,192,171,201,292,192,172,83,55,26,13,12,04/01/2013
000223,20130401,S,11,9,3,2,14,116,60,57,114,142,138,169,137,102,133,109,124,191,105,79,66,53,50,23,04/01/2013
000223,20130402,P,5,3,4,4,9,13,48,64,95,105,111,123,134,145,156,190,251,203,152,75,28,20,20,4,04/02/2013
000223,20130402,S,12,13,4,4,29,126,58,72,153,181,147,116,95,92,101,108,94,147,92,75,58,37,38,24,04/02/2013
000223,20130403,P,6,2,5,3,8,14,54,68,87,107,141,168,118,138,153,196,301,216,171,77,46,21,23,5,04/03/2013
000223,20130403,S,16,9,6,6,25,137,48,69,153,214,171,126,118,98,81,99,123,241,115,96,74,60,35,22,04/03/2013
000223,20130404,P,4,1,3,1,13,15,66,67,108,153,138,145,168,185,200,287,340,227,168,88,43,37,22,12,04/04/2013
000223,20130404,S,15,7,2,4,27,118,58,66,163,258,268,176,127,113,129,132,145,180,146,96,100,91,62,34,04/04/2013
000223,20130405,P,2,2,4,5,17,16,60,75,112,121,151,183,148,200,250,260,342,248,163,83,36,36,19,15,04/05/2013
000223,20130405,S,18,14,4,5,24,90,39,77,161,293,219,189,143,130,173,209,221,311,274,285,232,197,96,70,04/05/2013
000223,20130406,P,5,2,2,4,13,12,43,54,77,117,163,206,202,233,284,370,391,358,227,130,87,55,40,8,04/06/2013
000223,20130406,S,24,19,11,6,15,58,39,209,336,370,321,274,209,218,197,156,158,175,135,108,77,68,50,31,04/06/2013
000223,20130407,P,5,3,8,2,7,13,49,56,71,164,305,419,393,442,426,447,471,353,229,127,98,55,22,6,04/07/2013
000223,20130407,S,17,5,9,4,14,51,20,138,236,244,247,200,114,92,84,102,91,122,87,78,57,47,28,19,04/07/2013
000223,20130408,P,3,1,2,1,7,16,70,95,100,131,154,107,156,160,159,187,223,137,113,50,24,14,15,4,04/08/2013
000223,20130408,S,14,3,6,4,16,99,71,60,77,133,117,94,81,73,74,78,135,135,99,78,57,47,40,32,04/08/2013
000223,20130409,P,1,3,3,1,4,7,33,36,39,42,44,54,87,71,81,93,192,88,93,34,15,12,9,6,04/09/2013
000223,20130409,S,16,8,5,3,18,112,51,32,84,78,61,57,52,39,48,46,58,73,45,44,27,21,16,14,04/09/2013
000223,20130410,P,4,1,2,1,9,5,45,43,86,93,88,111,108,132,146,197,295,154,142,50,28,11,10,8,04/10/2013
000223,20130410,S,5,3,2,4,19,123,64,51,134,165,158,116,90,86,85,93,108,117,107,54,45,46,35,24,04/10/2013
000223,20130411,P,1,8,3,2,8,7,47,57,74,87,101,115,104,120,165,177,263,163,133,51,34,14,14,9,04/11/2013
000223,20130411,S,14,13,4,4,21,130,63,81,120,194,174,154,123,111,85,114,135,141,118,98,81,60,33,29,04/11/2013
000223,20130412,P,2,4,4,1,12,8,50,67,81,99,94,120,135,157,208,237,337,221,148,71,34,20,15,12,04/12/2013
000223,20130412,S,10,12,7,2,16,93,62,76,163,258,245,164,141,137,153,168,285,330,346,322,247,156,111,48,04/12/2013
000223,20130413,P,12,2,1,3,11,8,35,59,83,110,132,160,174,201,318,310,385,295,181,89,60,43,32,20,04/13/2013
000223,20130413,S,19,12,10,3,14,63,25,186,306,302,314,241,197,123,137,178,129,163,173,125,110,94,123,47,04/13/2013
000223,20130414,P,8,9,3,7,3,5,32,37,59,98,183,378,398,409,467,442,517,382,313,141,81,74,26,10,04/14/2013
000223,20130414,S,23,19,13,11,14,64,24,191,379,296,244,173,130,105,96,77,77,93,70,64,54,41,38,21,04/14/2013
000223,20130415,P,2,6,4,3,8,12,57,82,82,80,96,93,105,98,95,45,96,25,48,12,2,1,1,3,04/15/2013
000223,20130415,S,13,8,3,12,17,95,53,48,117,216,174,92,66,57,44,36,21,32,15,11,7,2,5,2,04/15/2013
000223,20130416,P,1,0,1,2,8,9,15,18,35,103,95,136,156,226,282,290,342,128,120,48,24,13,5,6,04/16/2013
000223,20130416,S,2,1,4,5,16,110,65,35,174,307,283,198,133,76,67,69,81,107,70,51,49,39,27,17,04/16/2013
000223,20130417,P,2,2,6,4,5,6,49,42,53,66,70,142,155,167,149,158,265,154,110,39,18,11,12,6,04/17/2013
000223,20130417,S,12,10,4,7,19,136,53,60,173,253,202,133,79,77,68,62,70,76,43,40,26,39,22,12,04/17/2013
000223,20130418,P,6,1,5,4,5,8,44,44,35,70,95,104,129,190,239,309,351,254,154,64,45,32,17,11,04/18/2013
000223,20130418,S,10,9,15,8,20,122,61,80,213,351,284,177,98,86,88,104,126,139,103,111,95,78,57,39,04/18/2013
000223,20130419,P,7,3,7,4,10,12,55,56,65,94,117,153,142,224,346,395,451,372,208,103,47,27,17,14,04/19/2013
000223,20130419,S,24,11,6,5,20,91,46,85,329,541,448,253,196,184,200,244,294,392,385,361,309,207,181,100,04/19/2013
000223,20130420,P,5,4,1,3,9,7,45,31,55,102,134,162,185,259,394,427,453,507,333,142,62,46,32,20,04/20/2013
000223,20130420,S,36,22,9,6,12,59,33,368,599,571,473,369,262,175,202,206,173,228,148,160,101,105,73,41,04/20/2013
000223,20130421,P,9,2,3,2,4,11,34,39,88,129,297,400,500,483,613,712,788,901,604,364,212,122,59,18,04/21/2013
000223,20130421,S,36,17,11,9,13,51,20,243,612,607,486,323,185,106,92,94,71,85,71,85,66,48,30,9,04/21/2013
